name,description
Women's UPF 50+ Sun Shield Shirt - Blue,"Women's version. Rated UPF 50+, blocks 98% of UV rays. Quick-dry moisture-wicking fabric keeps you cool and protected. Color: Blue."
Women's UPF 50+ Sun Shield Shirt - White,"Women's version. Rated UPF 50+, blocks 98% of UV rays. Quick-dry moisture-wicking fabric keeps you cool and protected. Color: White."
Women's UPF 50+ Sun Shield Shirt - Khaki,"Women's version. Rated UPF 50+, blocks 98% of UV rays. Quick-dry moisture-wicking fabric keeps you cool and protected. Color: Khaki."
Women's UPF 50+ Sun Shield Shirt - Navy,"Women's version. Rated UPF 50+, blocks 98% of UV rays. Quick-dry moisture-wicking fabric keeps you cool and protected. Color: Navy."
Women's UPF 50+ Sun Shield Shirt - Forest Green,"Women's version. Rated UPF 50+, blocks 98% of UV rays. Quick-dry moisture-wicking fabric keeps you cool and protected. Color: Forest Green."
Women's Solar Defender Long-Sleeve Shirt - Blue,"Women's version. Built-in UPF 50 sun protection with a breathable mesh lining. Ideal for hiking, fishing, and travel. Color: Blue."
Women's Solar Defender Long-Sleeve Shirt - White,"Women's version. Built-in UPF 50 sun protection with a breathable mesh lining. Ideal for hiking, fishing, and travel. Color: White."
Women's Solar Defender Long-Sleeve Shirt - Khaki,"Women's version. Built-in UPF 50 sun protection with a breathable mesh lining. Ideal for hiking, fishing, and travel. Color: Khaki."
Women's Solar Defender Long-Sleeve Shirt - Navy,"Women's version. Built-in UPF 50 sun protection with a breathable mesh lining. Ideal for hiking, fishing, and travel. Color: Navy."
Women's Solar Defender Long-Sleeve Shirt - Forest Green,"Women's version. Built-in UPF 50 sun protection with a breathable mesh lining. Ideal for hiking, fishing, and travel. Color: Forest Green."
Women's UV Block Performance Shirt - Blue,Women's version. High-performance fabric with UPF 50+ rating. Flat-lock seams and underarm vents for active sun protection. Color: Blue.
Women's UV Block Performance Shirt - White,Women's version. High-performance fabric with UPF 50+ rating. Flat-lock seams and underarm vents for active sun protection. Color: White.
Women's UV Block Performance Shirt - Khaki,Women's version. High-performance fabric with UPF 50+ rating. Flat-lock seams and underarm vents for active sun protection. Color: Khaki.
Women's UV Block Performance Shirt - Navy,Women's version. High-performance fabric with UPF 50+ rating. Flat-lock seams and underarm vents for active sun protection. Color: Navy.
Women's UV Block Performance Shirt - Forest Green,Women's version. High-performance fabric with UPF 50+ rating. Flat-lock seams and underarm vents for active sun protection. Color: Forest Green.
Women's SunGuard Travel Shirt - Blue,Women's version. Wrinkle-resistant UPF 50 travel shirt with a hidden chest pocket. Protects against harmful UV rays. Color: Blue.
Women's SunGuard Travel Shirt - White,Women's version. Wrinkle-resistant UPF 50 travel shirt with a hidden chest pocket. Protects against harmful UV rays. Color: White.
Women's SunGuard Travel Shirt - Khaki,Women's version. Wrinkle-resistant UPF 50 travel shirt with a hidden chest pocket. Protects against harmful UV rays. Color: Khaki.
Women's SunGuard Travel Shirt - Navy,Women's version. Wrinkle-resistant UPF 50 travel shirt with a hidden chest pocket. Protects against harmful UV rays. Color: Navy.
Women's SunGuard Travel Shirt - Forest Green,Women's version. Wrinkle-resistant UPF 50 travel shirt with a hidden chest pocket. Protects against harmful UV rays. Color: Forest Green.
Women's Tropicwear Sun Blocker Shirt - Blue,Women's version. UPF 50+ lightweight nylon shirt with four-way stretch for freedom in the heat. Color: Blue.
Women's Tropicwear Sun Blocker Shirt - White,Women's version. UPF 50+ lightweight nylon shirt with four-way stretch for freedom in the heat. Color: White.
Women's Tropicwear Sun Blocker Shirt - Khaki,Women's version. UPF 50+ lightweight nylon shirt with four-way stretch for freedom in the heat. Color: Khaki.
Women's Tropicwear Sun Blocker Shirt - Navy,Women's version. UPF 50+ lightweight nylon shirt with four-way stretch for freedom in the heat. Color: Navy.
Women's Tropicwear Sun Blocker Shirt - Forest Green,Women's version. UPF 50+ lightweight nylon shirt with four-way stretch for freedom in the heat. Color: Forest Green.
Women's RadiantShield Fishing Shirt - Blue,"Women's version. UPF 50+ vented shirt with a rod holder loop, chest pockets, and all-day sun protection for anglers. Color: Blue."
Women's RadiantShield Fishing Shirt - White,"Women's version. UPF 50+ vented shirt with a rod holder loop, chest pockets, and all-day sun protection for anglers. Color: White."
Women's RadiantShield Fishing Shirt - Khaki,"Women's version. UPF 50+ vented shirt with a rod holder loop, chest pockets, and all-day sun protection for anglers. Color: Khaki."
Women's RadiantShield Fishing Shirt - Navy,"Women's version. UPF 50+ vented shirt with a rod holder loop, chest pockets, and all-day sun protection for anglers. Color: Navy."
Women's RadiantShield Fishing Shirt - Forest Green,"Women's version. UPF 50+ vented shirt with a rod holder loop, chest pockets, and all-day sun protection for anglers. Color: Forest Green."
Women's Anti-UV Trail Shirt - Blue,Women's version. Technical trail shirt rated UPF 50. Engineered mesh zones ventilate while the woven body blocks UV. Color: Blue.
Women's Anti-UV Trail Shirt - White,Women's version. Technical trail shirt rated UPF 50. Engineered mesh zones ventilate while the woven body blocks UV. Color: White.
Women's Anti-UV Trail Shirt - Khaki,Women's version. Technical trail shirt rated UPF 50. Engineered mesh zones ventilate while the woven body blocks UV. Color: Khaki.
Women's Anti-UV Trail Shirt - Navy,Women's version. Technical trail shirt rated UPF 50. Engineered mesh zones ventilate while the woven body blocks UV. Color: Navy.
Women's Anti-UV Trail Shirt - Forest Green,Women's version. Technical trail shirt rated UPF 50. Engineered mesh zones ventilate while the woven body blocks UV. Color: Forest Green.
Women's SunSmart Hiker Shirt - Blue,Women's version. UPF 50+ rating guards against UV on long summit days. Roll-up sleeve tab for versatile coverage. Color: Blue.
Women's SunSmart Hiker Shirt - White,Women's version. UPF 50+ rating guards against UV on long summit days. Roll-up sleeve tab for versatile coverage. Color: White.
Women's SunSmart Hiker Shirt - Khaki,Women's version. UPF 50+ rating guards against UV on long summit days. Roll-up sleeve tab for versatile coverage. Color: Khaki.
Women's SunSmart Hiker Shirt - Navy,Women's version. UPF 50+ rating guards against UV on long summit days. Roll-up sleeve tab for versatile coverage. Color: Navy.
Women's SunSmart Hiker Shirt - Forest Green,Women's version. UPF 50+ rating guards against UV on long summit days. Roll-up sleeve tab for versatile coverage. Color: Forest Green.
Women's Solar Veil Long-Sleeve - Blue,Women's version. Silky-smooth UPF 50+ fabric reflects sunlight and wicks sweat. Perfect sun-protection layer. Color: Blue.
Women's Solar Veil Long-Sleeve - White,Women's version. Silky-smooth UPF 50+ fabric reflects sunlight and wicks sweat. Perfect sun-protection layer. Color: White.
Women's Solar Veil Long-Sleeve - Khaki,Women's version. Silky-smooth UPF 50+ fabric reflects sunlight and wicks sweat. Perfect sun-protection layer. Color: Khaki.
Women's Solar Veil Long-Sleeve - Navy,Women's version. Silky-smooth UPF 50+ fabric reflects sunlight and wicks sweat. Perfect sun-protection layer. Color: Navy.
Women's Solar Veil Long-Sleeve - Forest Green,Women's version. Silky-smooth UPF 50+ fabric reflects sunlight and wicks sweat. Perfect sun-protection layer. Color: Forest Green.
Women's EverShade Sun Protection Shirt - Blue,Women's version. Premium UPF 50 shirt with a relaxed outdoor fit and HeiQ Fresh antimicrobial finish. Color: Blue.
Women's EverShade Sun Protection Shirt - White,Women's version. Premium UPF 50 shirt with a relaxed outdoor fit and HeiQ Fresh antimicrobial finish. Color: White.
Women's EverShade Sun Protection Shirt - Khaki,Women's version. Premium UPF 50 shirt with a relaxed outdoor fit and HeiQ Fresh antimicrobial finish. Color: Khaki.
Women's EverShade Sun Protection Shirt - Navy,Women's version. Premium UPF 50 shirt with a relaxed outdoor fit and HeiQ Fresh antimicrobial finish. Color: Navy.
Women's EverShade Sun Protection Shirt - Forest Green,Women's version. Premium UPF 50 shirt with a relaxed outdoor fit and HeiQ Fresh antimicrobial finish. Color: Forest Green.
Men's UPF 50+ Sun Shield Shirt - Blue,"Men's version. Rated UPF 50+, blocks 98% of UV rays. Quick-dry moisture-wicking fabric keeps you cool and protected. Color: Blue."
Men's UPF 50+ Sun Shield Shirt - White,"Men's version. Rated UPF 50+, blocks 98% of UV rays. Quick-dry moisture-wicking fabric keeps you cool and protected. Color: White."
Men's UPF 50+ Sun Shield Shirt - Khaki,"Men's version. Rated UPF 50+, blocks 98% of UV rays. Quick-dry moisture-wicking fabric keeps you cool and protected. Color: Khaki."
Men's UPF 50+ Sun Shield Shirt - Navy,"Men's version. Rated UPF 50+, blocks 98% of UV rays. Quick-dry moisture-wicking fabric keeps you cool and protected. Color: Navy."
Men's UPF 50+ Sun Shield Shirt - Forest Green,"Men's version. Rated UPF 50+, blocks 98% of UV rays. Quick-dry moisture-wicking fabric keeps you cool and protected. Color: Forest Green."
Men's Solar Defender Long-Sleeve Shirt - Blue,"Men's version. Built-in UPF 50 sun protection with a breathable mesh lining. Ideal for hiking, fishing, and travel. Color: Blue."
Men's Solar Defender Long-Sleeve Shirt - White,"Men's version. Built-in UPF 50 sun protection with a breathable mesh lining. Ideal for hiking, fishing, and travel. Color: White."
Men's Solar Defender Long-Sleeve Shirt - Khaki,"Men's version. Built-in UPF 50 sun protection with a breathable mesh lining. Ideal for hiking, fishing, and travel. Color: Khaki."
Men's Solar Defender Long-Sleeve Shirt - Navy,"Men's version. Built-in UPF 50 sun protection with a breathable mesh lining. Ideal for hiking, fishing, and travel. Color: Navy."
Men's Solar Defender Long-Sleeve Shirt - Forest Green,"Men's version. Built-in UPF 50 sun protection with a breathable mesh lining. Ideal for hiking, fishing, and travel. Color: Forest Green."
Men's UV Block Performance Shirt - Blue,Men's version. High-performance fabric with UPF 50+ rating. Flat-lock seams and underarm vents for active sun protection. Color: Blue.
Men's UV Block Performance Shirt - White,Men's version. High-performance fabric with UPF 50+ rating. Flat-lock seams and underarm vents for active sun protection. Color: White.
Men's UV Block Performance Shirt - Khaki,Men's version. High-performance fabric with UPF 50+ rating. Flat-lock seams and underarm vents for active sun protection. Color: Khaki.
Men's UV Block Performance Shirt - Navy,Men's version. High-performance fabric with UPF 50+ rating. Flat-lock seams and underarm vents for active sun protection. Color: Navy.
Men's UV Block Performance Shirt - Forest Green,Men's version. High-performance fabric with UPF 50+ rating. Flat-lock seams and underarm vents for active sun protection. Color: Forest Green.
Men's SunGuard Travel Shirt - Blue,Men's version. Wrinkle-resistant UPF 50 travel shirt with a hidden chest pocket. Protects against harmful UV rays. Color: Blue.
Men's SunGuard Travel Shirt - White,Men's version. Wrinkle-resistant UPF 50 travel shirt with a hidden chest pocket. Protects against harmful UV rays. Color: White.
Men's SunGuard Travel Shirt - Khaki,Men's version. Wrinkle-resistant UPF 50 travel shirt with a hidden chest pocket. Protects against harmful UV rays. Color: Khaki.
Men's SunGuard Travel Shirt - Navy,Men's version. Wrinkle-resistant UPF 50 travel shirt with a hidden chest pocket. Protects against harmful UV rays. Color: Navy.
Men's SunGuard Travel Shirt - Forest Green,Men's version. Wrinkle-resistant UPF 50 travel shirt with a hidden chest pocket. Protects against harmful UV rays. Color: Forest Green.
Men's Tropicwear Sun Blocker Shirt - Blue,Men's version. UPF 50+ lightweight nylon shirt with four-way stretch for freedom in the heat. Color: Blue.
Men's Tropicwear Sun Blocker Shirt - White,Men's version. UPF 50+ lightweight nylon shirt with four-way stretch for freedom in the heat. Color: White.
Men's Tropicwear Sun Blocker Shirt - Khaki,Men's version. UPF 50+ lightweight nylon shirt with four-way stretch for freedom in the heat. Color: Khaki.
Men's Tropicwear Sun Blocker Shirt - Navy,Men's version. UPF 50+ lightweight nylon shirt with four-way stretch for freedom in the heat. Color: Navy.
Men's Tropicwear Sun Blocker Shirt - Forest Green,Men's version. UPF 50+ lightweight nylon shirt with four-way stretch for freedom in the heat. Color: Forest Green.
Men's RadiantShield Fishing Shirt - Blue,"Men's version. UPF 50+ vented shirt with a rod holder loop, chest pockets, and all-day sun protection for anglers. Color: Blue."
Men's RadiantShield Fishing Shirt - White,"Men's version. UPF 50+ vented shirt with a rod holder loop, chest pockets, and all-day sun protection for anglers. Color: White."
Men's RadiantShield Fishing Shirt - Khaki,"Men's version. UPF 50+ vented shirt with a rod holder loop, chest pockets, and all-day sun protection for anglers. Color: Khaki."
Men's RadiantShield Fishing Shirt - Navy,"Men's version. UPF 50+ vented shirt with a rod holder loop, chest pockets, and all-day sun protection for anglers. Color: Navy."
Men's RadiantShield Fishing Shirt - Forest Green,"Men's version. UPF 50+ vented shirt with a rod holder loop, chest pockets, and all-day sun protection for anglers. Color: Forest Green."
Men's Anti-UV Trail Shirt - Blue,Men's version. Technical trail shirt rated UPF 50. Engineered mesh zones ventilate while the woven body blocks UV. Color: Blue.
Men's Anti-UV Trail Shirt - White,Men's version. Technical trail shirt rated UPF 50. Engineered mesh zones ventilate while the woven body blocks UV. Color: White.
Men's Anti-UV Trail Shirt - Khaki,Men's version. Technical trail shirt rated UPF 50. Engineered mesh zones ventilate while the woven body blocks UV. Color: Khaki.
Men's Anti-UV Trail Shirt - Navy,Men's version. Technical trail shirt rated UPF 50. Engineered mesh zones ventilate while the woven body blocks UV. Color: Navy.
Men's Anti-UV Trail Shirt - Forest Green,Men's version. Technical trail shirt rated UPF 50. Engineered mesh zones ventilate while the woven body blocks UV. Color: Forest Green.
Men's SunSmart Hiker Shirt - Blue,Men's version. UPF 50+ rating guards against UV on long summit days. Roll-up sleeve tab for versatile coverage. Color: Blue.
Men's SunSmart Hiker Shirt - White,Men's version. UPF 50+ rating guards against UV on long summit days. Roll-up sleeve tab for versatile coverage. Color: White.
Men's SunSmart Hiker Shirt - Khaki,Men's version. UPF 50+ rating guards against UV on long summit days. Roll-up sleeve tab for versatile coverage. Color: Khaki.
Men's SunSmart Hiker Shirt - Navy,Men's version. UPF 50+ rating guards against UV on long summit days. Roll-up sleeve tab for versatile coverage. Color: Navy.
Men's SunSmart Hiker Shirt - Forest Green,Men's version. UPF 50+ rating guards against UV on long summit days. Roll-up sleeve tab for versatile coverage. Color: Forest Green.
Men's Solar Veil Long-Sleeve - Blue,Men's version. Silky-smooth UPF 50+ fabric reflects sunlight and wicks sweat. Perfect sun-protection layer. Color: Blue.
Men's Solar Veil Long-Sleeve - White,Men's version. Silky-smooth UPF 50+ fabric reflects sunlight and wicks sweat. Perfect sun-protection layer. Color: White.
Men's Solar Veil Long-Sleeve - Khaki,Men's version. Silky-smooth UPF 50+ fabric reflects sunlight and wicks sweat. Perfect sun-protection layer. Color: Khaki.
Men's Solar Veil Long-Sleeve - Navy,Men's version. Silky-smooth UPF 50+ fabric reflects sunlight and wicks sweat. Perfect sun-protection layer. Color: Navy.
Men's Solar Veil Long-Sleeve - Forest Green,Men's version. Silky-smooth UPF 50+ fabric reflects sunlight and wicks sweat. Perfect sun-protection layer. Color: Forest Green.
Men's EverShade Sun Protection Shirt - Blue,Men's version. Premium UPF 50 shirt with a relaxed outdoor fit and HeiQ Fresh antimicrobial finish. Color: Blue.
Men's EverShade Sun Protection Shirt - White,Men's version. Premium UPF 50 shirt with a relaxed outdoor fit and HeiQ Fresh antimicrobial finish. Color: White.
Men's EverShade Sun Protection Shirt - Khaki,Men's version. Premium UPF 50 shirt with a relaxed outdoor fit and HeiQ Fresh antimicrobial finish. Color: Khaki.
Men's EverShade Sun Protection Shirt - Navy,Men's version. Premium UPF 50 shirt with a relaxed outdoor fit and HeiQ Fresh antimicrobial finish. Color: Navy.
Men's EverShade Sun Protection Shirt - Forest Green,Men's version. Premium UPF 50 shirt with a relaxed outdoor fit and HeiQ Fresh antimicrobial finish. Color: Forest Green.
Women's Trailblazer Hiking Shirt - Blue,Women's version. Lightweight polyester-blend shirt with moisture management and underarm gussets. Color: Blue.
Women's Trailblazer Hiking Shirt - White,Women's version. Lightweight polyester-blend shirt with moisture management and underarm gussets. Color: White.
Women's Trailblazer Hiking Shirt - Khaki,Women's version. Lightweight polyester-blend shirt with moisture management and underarm gussets. Color: Khaki.
Women's Trailblazer Hiking Shirt - Navy,Women's version. Lightweight polyester-blend shirt with moisture management and underarm gussets. Color: Navy.
Women's Trailblazer Hiking Shirt - Forest Green,Women's version. Lightweight polyester-blend shirt with moisture management and underarm gussets. Color: Forest Green.
Women's Summit Quick-Dry Shirt - Blue,Women's version. Stretchy quick-dry fabric with a zippered chest pocket for trail essentials. Color: Blue.
Women's Summit Quick-Dry Shirt - White,Women's version. Stretchy quick-dry fabric with a zippered chest pocket for trail essentials. Color: White.
Women's Summit Quick-Dry Shirt - Khaki,Women's version. Stretchy quick-dry fabric with a zippered chest pocket for trail essentials. Color: Khaki.
Women's Summit Quick-Dry Shirt - Navy,Women's version. Stretchy quick-dry fabric with a zippered chest pocket for trail essentials. Color: Navy.
Women's Summit Quick-Dry Shirt - Forest Green,Women's version. Stretchy quick-dry fabric with a zippered chest pocket for trail essentials. Color: Forest Green.
Women's Peak Performance Trail Shirt - Blue,Women's version. Four-way stretch fabric in a relaxed athletic fit for warm-weather hikes. Color: Blue.
Women's Peak Performance Trail Shirt - White,Women's version. Four-way stretch fabric in a relaxed athletic fit for warm-weather hikes. Color: White.
Women's Peak Performance Trail Shirt - Khaki,Women's version. Four-way stretch fabric in a relaxed athletic fit for warm-weather hikes. Color: Khaki.
Women's Peak Performance Trail Shirt - Navy,Women's version. Four-way stretch fabric in a relaxed athletic fit for warm-weather hikes. Color: Navy.
Women's Peak Performance Trail Shirt - Forest Green,Women's version. Four-way stretch fabric in a relaxed athletic fit for warm-weather hikes. Color: Forest Green.
Women's Ridgeline Vented Shirt - Blue,Women's version. Back venting panel and moisture-wicking fabric keep you cool on steep ascents. Color: Blue.
Women's Ridgeline Vented Shirt - White,Women's version. Back venting panel and moisture-wicking fabric keep you cool on steep ascents. Color: White.
Women's Ridgeline Vented Shirt - Khaki,Women's version. Back venting panel and moisture-wicking fabric keep you cool on steep ascents. Color: Khaki.
Women's Ridgeline Vented Shirt - Navy,Women's version. Back venting panel and moisture-wicking fabric keep you cool on steep ascents. Color: Navy.
Women's Ridgeline Vented Shirt - Forest Green,Women's version. Back venting panel and moisture-wicking fabric keep you cool on steep ascents. Color: Forest Green.
Women's Pathfinder Hiking Shirt - Blue,Women's version. Durable ripstop with reinforced elbows and button-roll sleeves. Color: Blue.
Women's Pathfinder Hiking Shirt - White,Women's version. Durable ripstop with reinforced elbows and button-roll sleeves. Color: White.
Women's Pathfinder Hiking Shirt - Khaki,Women's version. Durable ripstop with reinforced elbows and button-roll sleeves. Color: Khaki.
Women's Pathfinder Hiking Shirt - Navy,Women's version. Durable ripstop with reinforced elbows and button-roll sleeves. Color: Navy.
Women's Pathfinder Hiking Shirt - Forest Green,Women's version. Durable ripstop with reinforced elbows and button-roll sleeves. Color: Forest Green.
Women's Canyon Trekker Shirt - Blue,Women's version. Ultra-light with a breathable open-mesh back. Sits comfortably under a loaded pack. Color: Blue.
Women's Canyon Trekker Shirt - White,Women's version. Ultra-light with a breathable open-mesh back. Sits comfortably under a loaded pack. Color: White.
Women's Canyon Trekker Shirt - Khaki,Women's version. Ultra-light with a breathable open-mesh back. Sits comfortably under a loaded pack. Color: Khaki.
Women's Canyon Trekker Shirt - Navy,Women's version. Ultra-light with a breathable open-mesh back. Sits comfortably under a loaded pack. Color: Navy.
Women's Canyon Trekker Shirt - Forest Green,Women's version. Ultra-light with a breathable open-mesh back. Sits comfortably under a loaded pack. Color: Forest Green.
Women's Switchback Trail Top - Blue,Women's version. Slim athletic cut with odour-resistant fabric. Works from trailhead to town. Color: Blue.
Women's Switchback Trail Top - White,Women's version. Slim athletic cut with odour-resistant fabric. Works from trailhead to town. Color: White.
Women's Switchback Trail Top - Khaki,Women's version. Slim athletic cut with odour-resistant fabric. Works from trailhead to town. Color: Khaki.
Women's Switchback Trail Top - Navy,Women's version. Slim athletic cut with odour-resistant fabric. Works from trailhead to town. Color: Navy.
Women's Switchback Trail Top - Forest Green,Women's version. Slim athletic cut with odour-resistant fabric. Works from trailhead to town. Color: Forest Green.
Women's Basecamp Active Shirt - Blue,Women's version. Jersey-knit active shirt blends comfort and performance for multi-day trekking. Color: Blue.
Women's Basecamp Active Shirt - White,Women's version. Jersey-knit active shirt blends comfort and performance for multi-day trekking. Color: White.
Women's Basecamp Active Shirt - Khaki,Women's version. Jersey-knit active shirt blends comfort and performance for multi-day trekking. Color: Khaki.
Women's Basecamp Active Shirt - Navy,Women's version. Jersey-knit active shirt blends comfort and performance for multi-day trekking. Color: Navy.
Women's Basecamp Active Shirt - Forest Green,Women's version. Jersey-knit active shirt blends comfort and performance for multi-day trekking. Color: Forest Green.
Women's Ridgewalk Stretch Shirt - Blue,Women's version. Two-way stretch woven for unrestricted movement. Chest pocket packs flat. Color: Blue.
Women's Ridgewalk Stretch Shirt - White,Women's version. Two-way stretch woven for unrestricted movement. Chest pocket packs flat. Color: White.
Women's Ridgewalk Stretch Shirt - Khaki,Women's version. Two-way stretch woven for unrestricted movement. Chest pocket packs flat. Color: Khaki.
Women's Ridgewalk Stretch Shirt - Navy,Women's version. Two-way stretch woven for unrestricted movement. Chest pocket packs flat. Color: Navy.
Women's Ridgewalk Stretch Shirt - Forest Green,Women's version. Two-way stretch woven for unrestricted movement. Chest pocket packs flat. Color: Forest Green.
Women's Backcountry Guide Shirt - Blue,"Women's version. Guide-inspired shirt with reinforced collar, hidden document pocket, and easy-care fabric. Color: Blue."
Women's Backcountry Guide Shirt - White,"Women's version. Guide-inspired shirt with reinforced collar, hidden document pocket, and easy-care fabric. Color: White."
Women's Backcountry Guide Shirt - Khaki,"Women's version. Guide-inspired shirt with reinforced collar, hidden document pocket, and easy-care fabric. Color: Khaki."
Women's Backcountry Guide Shirt - Navy,"Women's version. Guide-inspired shirt with reinforced collar, hidden document pocket, and easy-care fabric. Color: Navy."
Women's Backcountry Guide Shirt - Forest Green,"Women's version. Guide-inspired shirt with reinforced collar, hidden document pocket, and easy-care fabric. Color: Forest Green."
Men's Trailblazer Hiking Shirt - Blue,Men's version. Lightweight polyester-blend shirt with moisture management and underarm gussets. Color: Blue.
Men's Trailblazer Hiking Shirt - White,Men's version. Lightweight polyester-blend shirt with moisture management and underarm gussets. Color: White.
Men's Trailblazer Hiking Shirt - Khaki,Men's version. Lightweight polyester-blend shirt with moisture management and underarm gussets. Color: Khaki.
Men's Trailblazer Hiking Shirt - Navy,Men's version. Lightweight polyester-blend shirt with moisture management and underarm gussets. Color: Navy.
Men's Trailblazer Hiking Shirt - Forest Green,Men's version. Lightweight polyester-blend shirt with moisture management and underarm gussets. Color: Forest Green.
Men's Summit Quick-Dry Shirt - Blue,Men's version. Stretchy quick-dry fabric with a zippered chest pocket for trail essentials. Color: Blue.
Men's Summit Quick-Dry Shirt - White,Men's version. Stretchy quick-dry fabric with a zippered chest pocket for trail essentials. Color: White.
Men's Summit Quick-Dry Shirt - Khaki,Men's version. Stretchy quick-dry fabric with a zippered chest pocket for trail essentials. Color: Khaki.
Men's Summit Quick-Dry Shirt - Navy,Men's version. Stretchy quick-dry fabric with a zippered chest pocket for trail essentials. Color: Navy.
Men's Summit Quick-Dry Shirt - Forest Green,Men's version. Stretchy quick-dry fabric with a zippered chest pocket for trail essentials. Color: Forest Green.
Men's Peak Performance Trail Shirt - Blue,Men's version. Four-way stretch fabric in a relaxed athletic fit for warm-weather hikes. Color: Blue.
Men's Peak Performance Trail Shirt - White,Men's version. Four-way stretch fabric in a relaxed athletic fit for warm-weather hikes. Color: White.
Men's Peak Performance Trail Shirt - Khaki,Men's version. Four-way stretch fabric in a relaxed athletic fit for warm-weather hikes. Color: Khaki.
Men's Peak Performance Trail Shirt - Navy,Men's version. Four-way stretch fabric in a relaxed athletic fit for warm-weather hikes. Color: Navy.
Men's Peak Performance Trail Shirt - Forest Green,Men's version. Four-way stretch fabric in a relaxed athletic fit for warm-weather hikes. Color: Forest Green.
Men's Ridgeline Vented Shirt - Blue,Men's version. Back venting panel and moisture-wicking fabric keep you cool on steep ascents. Color: Blue.
Men's Ridgeline Vented Shirt - White,Men's version. Back venting panel and moisture-wicking fabric keep you cool on steep ascents. Color: White.
Men's Ridgeline Vented Shirt - Khaki,Men's version. Back venting panel and moisture-wicking fabric keep you cool on steep ascents. Color: Khaki.
Men's Ridgeline Vented Shirt - Navy,Men's version. Back venting panel and moisture-wicking fabric keep you cool on steep ascents. Color: Navy.
Men's Ridgeline Vented Shirt - Forest Green,Men's version. Back venting panel and moisture-wicking fabric keep you cool on steep ascents. Color: Forest Green.
Men's Pathfinder Hiking Shirt - Blue,Men's version. Durable ripstop with reinforced elbows and button-roll sleeves. Color: Blue.
Men's Pathfinder Hiking Shirt - White,Men's version. Durable ripstop with reinforced elbows and button-roll sleeves. Color: White.
Men's Pathfinder Hiking Shirt - Khaki,Men's version. Durable ripstop with reinforced elbows and button-roll sleeves. Color: Khaki.
Men's Pathfinder Hiking Shirt - Navy,Men's version. Durable ripstop with reinforced elbows and button-roll sleeves. Color: Navy.
Men's Pathfinder Hiking Shirt - Forest Green,Men's version. Durable ripstop with reinforced elbows and button-roll sleeves. Color: Forest Green.
Men's Canyon Trekker Shirt - Blue,Men's version. Ultra-light with a breathable open-mesh back. Sits comfortably under a loaded pack. Color: Blue.
Men's Canyon Trekker Shirt - White,Men's version. Ultra-light with a breathable open-mesh back. Sits comfortably under a loaded pack. Color: White.
Men's Canyon Trekker Shirt - Khaki,Men's version. Ultra-light with a breathable open-mesh back. Sits comfortably under a loaded pack. Color: Khaki.
Men's Canyon Trekker Shirt - Navy,Men's version. Ultra-light with a breathable open-mesh back. Sits comfortably under a loaded pack. Color: Navy.
Men's Canyon Trekker Shirt - Forest Green,Men's version. Ultra-light with a breathable open-mesh back. Sits comfortably under a loaded pack. Color: Forest Green.
Men's Switchback Trail Top - Blue,Men's version. Slim athletic cut with odour-resistant fabric. Works from trailhead to town. Color: Blue.
Men's Switchback Trail Top - White,Men's version. Slim athletic cut with odour-resistant fabric. Works from trailhead to town. Color: White.
Men's Switchback Trail Top - Khaki,Men's version. Slim athletic cut with odour-resistant fabric. Works from trailhead to town. Color: Khaki.
Men's Switchback Trail Top - Navy,Men's version. Slim athletic cut with odour-resistant fabric. Works from trailhead to town. Color: Navy.
Men's Switchback Trail Top - Forest Green,Men's version. Slim athletic cut with odour-resistant fabric. Works from trailhead to town. Color: Forest Green.
Men's Basecamp Active Shirt - Blue,Men's version. Jersey-knit active shirt blends comfort and performance for multi-day trekking. Color: Blue.
Men's Basecamp Active Shirt - White,Men's version. Jersey-knit active shirt blends comfort and performance for multi-day trekking. Color: White.
Men's Basecamp Active Shirt - Khaki,Men's version. Jersey-knit active shirt blends comfort and performance for multi-day trekking. Color: Khaki.
Men's Basecamp Active Shirt - Navy,Men's version. Jersey-knit active shirt blends comfort and performance for multi-day trekking. Color: Navy.
Men's Basecamp Active Shirt - Forest Green,Men's version. Jersey-knit active shirt blends comfort and performance for multi-day trekking. Color: Forest Green.
Men's Ridgewalk Stretch Shirt - Blue,Men's version. Two-way stretch woven for unrestricted movement. Chest pocket packs flat. Color: Blue.
Men's Ridgewalk Stretch Shirt - White,Men's version. Two-way stretch woven for unrestricted movement. Chest pocket packs flat. Color: White.
Men's Ridgewalk Stretch Shirt - Khaki,Men's version. Two-way stretch woven for unrestricted movement. Chest pocket packs flat. Color: Khaki.
Men's Ridgewalk Stretch Shirt - Navy,Men's version. Two-way stretch woven for unrestricted movement. Chest pocket packs flat. Color: Navy.
Men's Ridgewalk Stretch Shirt - Forest Green,Men's version. Two-way stretch woven for unrestricted movement. Chest pocket packs flat. Color: Forest Green.
Men's Backcountry Guide Shirt - Blue,"Men's version. Guide-inspired shirt with reinforced collar, hidden document pocket, and easy-care fabric. Color: Blue."
Men's Backcountry Guide Shirt - White,"Men's version. Guide-inspired shirt with reinforced collar, hidden document pocket, and easy-care fabric. Color: White."
Men's Backcountry Guide Shirt - Khaki,"Men's version. Guide-inspired shirt with reinforced collar, hidden document pocket, and easy-care fabric. Color: Khaki."
Men's Backcountry Guide Shirt - Navy,"Men's version. Guide-inspired shirt with reinforced collar, hidden document pocket, and easy-care fabric. Color: Navy."
Men's Backcountry Guide Shirt - Forest Green,"Men's version. Guide-inspired shirt with reinforced collar, hidden document pocket, and easy-care fabric. Color: Forest Green."
Women's Stretch Hike Pants - Khaki,Women's version. Four-way stretch with a gusseted crotch and DWR finish that sheds light rain. Color: Khaki.
Women's Stretch Hike Pants - Stone,Women's version. Four-way stretch with a gusseted crotch and DWR finish that sheds light rain. Color: Stone.
Women's Stretch Hike Pants - Black,Women's version. Four-way stretch with a gusseted crotch and DWR finish that sheds light rain. Color: Black.
Women's Stretch Hike Pants - Olive,Women's version. Four-way stretch with a gusseted crotch and DWR finish that sheds light rain. Color: Olive.
Women's Stretch Hike Pants - Navy,Women's version. Four-way stretch with a gusseted crotch and DWR finish that sheds light rain. Color: Navy.
Women's Convertible Trail Pants - Khaki,Women's version. Zip-off legs convert from pants to shorts. Multiple cargo pockets. Color: Khaki.
Women's Convertible Trail Pants - Stone,Women's version. Zip-off legs convert from pants to shorts. Multiple cargo pockets. Color: Stone.
Women's Convertible Trail Pants - Black,Women's version. Zip-off legs convert from pants to shorts. Multiple cargo pockets. Color: Black.
Women's Convertible Trail Pants - Olive,Women's version. Zip-off legs convert from pants to shorts. Multiple cargo pockets. Color: Olive.
Women's Convertible Trail Pants - Navy,Women's version. Zip-off legs convert from pants to shorts. Multiple cargo pockets. Color: Navy.
Women's Lined Winter Trekking Pants - Khaki,Women's version. Insulated lining for cold-weather hikes. Articulated knees prevent binding. Color: Khaki.
Women's Lined Winter Trekking Pants - Stone,Women's version. Insulated lining for cold-weather hikes. Articulated knees prevent binding. Color: Stone.
Women's Lined Winter Trekking Pants - Black,Women's version. Insulated lining for cold-weather hikes. Articulated knees prevent binding. Color: Black.
Women's Lined Winter Trekking Pants - Olive,Women's version. Insulated lining for cold-weather hikes. Articulated knees prevent binding. Color: Olive.
Women's Lined Winter Trekking Pants - Navy,Women's version. Insulated lining for cold-weather hikes. Articulated knees prevent binding. Color: Navy.
Women's Lightweight Quick-Dry Pants - Khaki,Women's version. Ultra-light nylon pants dry fast after stream crossings. Elastic waist. Color: Khaki.
Women's Lightweight Quick-Dry Pants - Stone,Women's version. Ultra-light nylon pants dry fast after stream crossings. Elastic waist. Color: Stone.
Women's Lightweight Quick-Dry Pants - Black,Women's version. Ultra-light nylon pants dry fast after stream crossings. Elastic waist. Color: Black.
Women's Lightweight Quick-Dry Pants - Olive,Women's version. Ultra-light nylon pants dry fast after stream crossings. Elastic waist. Color: Olive.
Women's Lightweight Quick-Dry Pants - Navy,Women's version. Ultra-light nylon pants dry fast after stream crossings. Elastic waist. Color: Navy.
Women's Technical Softshell Pants - Khaki,Women's version. Wind-resistant softshell stretches four ways for shoulder-season hiking. Color: Khaki.
Women's Technical Softshell Pants - Stone,Women's version. Wind-resistant softshell stretches four ways for shoulder-season hiking. Color: Stone.
Women's Technical Softshell Pants - Black,Women's version. Wind-resistant softshell stretches four ways for shoulder-season hiking. Color: Black.
Women's Technical Softshell Pants - Olive,Women's version. Wind-resistant softshell stretches four ways for shoulder-season hiking. Color: Olive.
Women's Technical Softshell Pants - Navy,Women's version. Wind-resistant softshell stretches four ways for shoulder-season hiking. Color: Navy.
Women's Trail Runner Shorts - Khaki,Women's version. Two-in-one shorts with an inner liner and reflective details. Color: Khaki.
Women's Trail Runner Shorts - Stone,Women's version. Two-in-one shorts with an inner liner and reflective details. Color: Stone.
Women's Trail Runner Shorts - Black,Women's version. Two-in-one shorts with an inner liner and reflective details. Color: Black.
Women's Trail Runner Shorts - Olive,Women's version. Two-in-one shorts with an inner liner and reflective details. Color: Olive.
Women's Trail Runner Shorts - Navy,Women's version. Two-in-one shorts with an inner liner and reflective details. Color: Navy.
Women's Rock Climbing Pants - Khaki,Women's version. Cotton-nylon blend moves with your body on the wall. Belt loops for a harness. Color: Khaki.
Women's Rock Climbing Pants - Stone,Women's version. Cotton-nylon blend moves with your body on the wall. Belt loops for a harness. Color: Stone.
Women's Rock Climbing Pants - Black,Women's version. Cotton-nylon blend moves with your body on the wall. Belt loops for a harness. Color: Black.
Women's Rock Climbing Pants - Olive,Women's version. Cotton-nylon blend moves with your body on the wall. Belt loops for a harness. Color: Olive.
Women's Rock Climbing Pants - Navy,Women's version. Cotton-nylon blend moves with your body on the wall. Belt loops for a harness. Color: Navy.
Women's River Wading Pants - Khaki,Women's version. Quick-dry articulated pants for wet wading and fly fishing. Color: Khaki.
Women's River Wading Pants - Stone,Women's version. Quick-dry articulated pants for wet wading and fly fishing. Color: Stone.
Women's River Wading Pants - Black,Women's version. Quick-dry articulated pants for wet wading and fly fishing. Color: Black.
Women's River Wading Pants - Olive,Women's version. Quick-dry articulated pants for wet wading and fly fishing. Color: Olive.
Women's River Wading Pants - Navy,Women's version. Quick-dry articulated pants for wet wading and fly fishing. Color: Navy.
Women's All-Weather Hike Pants - Khaki,Women's version. Reinforced seat and knees with internal adjustable gaiters. Color: Khaki.
Women's All-Weather Hike Pants - Stone,Women's version. Reinforced seat and knees with internal adjustable gaiters. Color: Stone.
Women's All-Weather Hike Pants - Black,Women's version. Reinforced seat and knees with internal adjustable gaiters. Color: Black.
Women's All-Weather Hike Pants - Olive,Women's version. Reinforced seat and knees with internal adjustable gaiters. Color: Olive.
Women's All-Weather Hike Pants - Navy,Women's version. Reinforced seat and knees with internal adjustable gaiters. Color: Navy.
Women's Casual Trail Pants - Khaki,Women's version. Clean-lined pants that transition from trail to everyday. Zip pockets. Color: Khaki.
Women's Casual Trail Pants - Stone,Women's version. Clean-lined pants that transition from trail to everyday. Zip pockets. Color: Stone.
Women's Casual Trail Pants - Black,Women's version. Clean-lined pants that transition from trail to everyday. Zip pockets. Color: Black.
Women's Casual Trail Pants - Olive,Women's version. Clean-lined pants that transition from trail to everyday. Zip pockets. Color: Olive.
Women's Casual Trail Pants - Navy,Women's version. Clean-lined pants that transition from trail to everyday. Zip pockets. Color: Navy.
Men's Stretch Hike Pants - Khaki,Men's version. Four-way stretch with a gusseted crotch and DWR finish that sheds light rain. Color: Khaki.
Men's Stretch Hike Pants - Stone,Men's version. Four-way stretch with a gusseted crotch and DWR finish that sheds light rain. Color: Stone.
Men's Stretch Hike Pants - Black,Men's version. Four-way stretch with a gusseted crotch and DWR finish that sheds light rain. Color: Black.
Men's Stretch Hike Pants - Olive,Men's version. Four-way stretch with a gusseted crotch and DWR finish that sheds light rain. Color: Olive.
Men's Stretch Hike Pants - Navy,Men's version. Four-way stretch with a gusseted crotch and DWR finish that sheds light rain. Color: Navy.
Men's Convertible Trail Pants - Khaki,Men's version. Zip-off legs convert from pants to shorts. Multiple cargo pockets. Color: Khaki.
Men's Convertible Trail Pants - Stone,Men's version. Zip-off legs convert from pants to shorts. Multiple cargo pockets. Color: Stone.
Men's Convertible Trail Pants - Black,Men's version. Zip-off legs convert from pants to shorts. Multiple cargo pockets. Color: Black.
Men's Convertible Trail Pants - Olive,Men's version. Zip-off legs convert from pants to shorts. Multiple cargo pockets. Color: Olive.
Men's Convertible Trail Pants - Navy,Men's version. Zip-off legs convert from pants to shorts. Multiple cargo pockets. Color: Navy.
Men's Lined Winter Trekking Pants - Khaki,Men's version. Insulated lining for cold-weather hikes. Articulated knees prevent binding. Color: Khaki.
Men's Lined Winter Trekking Pants - Stone,Men's version. Insulated lining for cold-weather hikes. Articulated knees prevent binding. Color: Stone.
Men's Lined Winter Trekking Pants - Black,Men's version. Insulated lining for cold-weather hikes. Articulated knees prevent binding. Color: Black.
Men's Lined Winter Trekking Pants - Olive,Men's version. Insulated lining for cold-weather hikes. Articulated knees prevent binding. Color: Olive.
Men's Lined Winter Trekking Pants - Navy,Men's version. Insulated lining for cold-weather hikes. Articulated knees prevent binding. Color: Navy.
Men's Lightweight Quick-Dry Pants - Khaki,Men's version. Ultra-light nylon pants dry fast after stream crossings. Elastic waist. Color: Khaki.
Men's Lightweight Quick-Dry Pants - Stone,Men's version. Ultra-light nylon pants dry fast after stream crossings. Elastic waist. Color: Stone.
Men's Lightweight Quick-Dry Pants - Black,Men's version. Ultra-light nylon pants dry fast after stream crossings. Elastic waist. Color: Black.
Men's Lightweight Quick-Dry Pants - Olive,Men's version. Ultra-light nylon pants dry fast after stream crossings. Elastic waist. Color: Olive.
Men's Lightweight Quick-Dry Pants - Navy,Men's version. Ultra-light nylon pants dry fast after stream crossings. Elastic waist. Color: Navy.
Men's Technical Softshell Pants - Khaki,Men's version. Wind-resistant softshell stretches four ways for shoulder-season hiking. Color: Khaki.
Men's Technical Softshell Pants - Stone,Men's version. Wind-resistant softshell stretches four ways for shoulder-season hiking. Color: Stone.
Men's Technical Softshell Pants - Black,Men's version. Wind-resistant softshell stretches four ways for shoulder-season hiking. Color: Black.
Men's Technical Softshell Pants - Olive,Men's version. Wind-resistant softshell stretches four ways for shoulder-season hiking. Color: Olive.
Men's Technical Softshell Pants - Navy,Men's version. Wind-resistant softshell stretches four ways for shoulder-season hiking. Color: Navy.
Men's Trail Runner Shorts - Khaki,Men's version. Two-in-one shorts with an inner liner and reflective details. Color: Khaki.
Men's Trail Runner Shorts - Stone,Men's version. Two-in-one shorts with an inner liner and reflective details. Color: Stone.
Men's Trail Runner Shorts - Black,Men's version. Two-in-one shorts with an inner liner and reflective details. Color: Black.
Men's Trail Runner Shorts - Olive,Men's version. Two-in-one shorts with an inner liner and reflective details. Color: Olive.
Men's Trail Runner Shorts - Navy,Men's version. Two-in-one shorts with an inner liner and reflective details. Color: Navy.
Men's Rock Climbing Pants - Khaki,Men's version. Cotton-nylon blend moves with your body on the wall. Belt loops for a harness. Color: Khaki.
Men's Rock Climbing Pants - Stone,Men's version. Cotton-nylon blend moves with your body on the wall. Belt loops for a harness. Color: Stone.
Men's Rock Climbing Pants - Black,Men's version. Cotton-nylon blend moves with your body on the wall. Belt loops for a harness. Color: Black.
Men's Rock Climbing Pants - Olive,Men's version. Cotton-nylon blend moves with your body on the wall. Belt loops for a harness. Color: Olive.
Men's Rock Climbing Pants - Navy,Men's version. Cotton-nylon blend moves with your body on the wall. Belt loops for a harness. Color: Navy.
Men's River Wading Pants - Khaki,Men's version. Quick-dry articulated pants for wet wading and fly fishing. Color: Khaki.
Men's River Wading Pants - Stone,Men's version. Quick-dry articulated pants for wet wading and fly fishing. Color: Stone.
Men's River Wading Pants - Black,Men's version. Quick-dry articulated pants for wet wading and fly fishing. Color: Black.
Men's River Wading Pants - Olive,Men's version. Quick-dry articulated pants for wet wading and fly fishing. Color: Olive.
Men's River Wading Pants - Navy,Men's version. Quick-dry articulated pants for wet wading and fly fishing. Color: Navy.
Men's All-Weather Hike Pants - Khaki,Men's version. Reinforced seat and knees with internal adjustable gaiters. Color: Khaki.
Men's All-Weather Hike Pants - Stone,Men's version. Reinforced seat and knees with internal adjustable gaiters. Color: Stone.
Men's All-Weather Hike Pants - Black,Men's version. Reinforced seat and knees with internal adjustable gaiters. Color: Black.
Men's All-Weather Hike Pants - Olive,Men's version. Reinforced seat and knees with internal adjustable gaiters. Color: Olive.
Men's All-Weather Hike Pants - Navy,Men's version. Reinforced seat and knees with internal adjustable gaiters. Color: Navy.
Men's Casual Trail Pants - Khaki,Men's version. Clean-lined pants that transition from trail to everyday. Zip pockets. Color: Khaki.
Men's Casual Trail Pants - Stone,Men's version. Clean-lined pants that transition from trail to everyday. Zip pockets. Color: Stone.
Men's Casual Trail Pants - Black,Men's version. Clean-lined pants that transition from trail to everyday. Zip pockets. Color: Black.
Men's Casual Trail Pants - Olive,Men's version. Clean-lined pants that transition from trail to everyday. Zip pockets. Color: Olive.
Men's Casual Trail Pants - Navy,Men's version. Clean-lined pants that transition from trail to everyday. Zip pockets. Color: Navy.
Women's Packable Rain Jacket - Red,Women's version. 2.5-layer waterproof jacket that packs into its own chest pocket. Color: Red.
Women's Packable Rain Jacket - Yellow,Women's version. 2.5-layer waterproof jacket that packs into its own chest pocket. Color: Yellow.
Women's Packable Rain Jacket - Navy,Women's version. 2.5-layer waterproof jacket that packs into its own chest pocket. Color: Navy.
Women's Packable Rain Jacket - Black,Women's version. 2.5-layer waterproof jacket that packs into its own chest pocket. Color: Black.
Women's Packable Rain Jacket - Teal,Women's version. 2.5-layer waterproof jacket that packs into its own chest pocket. Color: Teal.
Women's Hardshell Rain Jacket - Red,Women's version. Three-layer waterproof-breathable hardshell with fully taped seams. Color: Red.
Women's Hardshell Rain Jacket - Yellow,Women's version. Three-layer waterproof-breathable hardshell with fully taped seams. Color: Yellow.
Women's Hardshell Rain Jacket - Navy,Women's version. Three-layer waterproof-breathable hardshell with fully taped seams. Color: Navy.
Women's Hardshell Rain Jacket - Black,Women's version. Three-layer waterproof-breathable hardshell with fully taped seams. Color: Black.
Women's Hardshell Rain Jacket - Teal,Women's version. Three-layer waterproof-breathable hardshell with fully taped seams. Color: Teal.
Women's Waterproof Trail Jacket - Red,Women's version. Lightweight ripstop with DWR finish and underarm zips. Color: Red.
Women's Waterproof Trail Jacket - Yellow,Women's version. Lightweight ripstop with DWR finish and underarm zips. Color: Yellow.
Women's Waterproof Trail Jacket - Navy,Women's version. Lightweight ripstop with DWR finish and underarm zips. Color: Navy.
Women's Waterproof Trail Jacket - Black,Women's version. Lightweight ripstop with DWR finish and underarm zips. Color: Black.
Women's Waterproof Trail Jacket - Teal,Women's version. Lightweight ripstop with DWR finish and underarm zips. Color: Teal.
Women's All-Mountain Rain Jacket - Red,"Women's version. Technical mountain jacket with pit zips, adjustable hood, and climbing mobility. Color: Red."
Women's All-Mountain Rain Jacket - Yellow,"Women's version. Technical mountain jacket with pit zips, adjustable hood, and climbing mobility. Color: Yellow."
Women's All-Mountain Rain Jacket - Navy,"Women's version. Technical mountain jacket with pit zips, adjustable hood, and climbing mobility. Color: Navy."
Women's All-Mountain Rain Jacket - Black,"Women's version. Technical mountain jacket with pit zips, adjustable hood, and climbing mobility. Color: Black."
Women's All-Mountain Rain Jacket - Teal,"Women's version. Technical mountain jacket with pit zips, adjustable hood, and climbing mobility. Color: Teal."
Women's Ultralight Storm Shell - Red,Women's version. Weighs 170g and packs to baseball size. Emergency rain protection. Color: Red.
Women's Ultralight Storm Shell - Yellow,Women's version. Weighs 170g and packs to baseball size. Emergency rain protection. Color: Yellow.
Women's Ultralight Storm Shell - Navy,Women's version. Weighs 170g and packs to baseball size. Emergency rain protection. Color: Navy.
Women's Ultralight Storm Shell - Black,Women's version. Weighs 170g and packs to baseball size. Emergency rain protection. Color: Black.
Women's Ultralight Storm Shell - Teal,Women's version. Weighs 170g and packs to baseball size. Emergency rain protection. Color: Teal.
Women's Insulated Rain Jacket - Red,Women's version. Waterproof outer with 60g synthetic insulation for cold wet days. Color: Red.
Women's Insulated Rain Jacket - Yellow,Women's version. Waterproof outer with 60g synthetic insulation for cold wet days. Color: Yellow.
Women's Insulated Rain Jacket - Navy,Women's version. Waterproof outer with 60g synthetic insulation for cold wet days. Color: Navy.
Women's Insulated Rain Jacket - Black,Women's version. Waterproof outer with 60g synthetic insulation for cold wet days. Color: Black.
Women's Insulated Rain Jacket - Teal,Women's version. Waterproof outer with 60g synthetic insulation for cold wet days. Color: Teal.
Women's Kids Rain Slicker - Red,Women's version. Seam-sealed waterproof jacket with reflective accents for kids. Color: Red.
Women's Kids Rain Slicker - Yellow,Women's version. Seam-sealed waterproof jacket with reflective accents for kids. Color: Yellow.
Women's Kids Rain Slicker - Navy,Women's version. Seam-sealed waterproof jacket with reflective accents for kids. Color: Navy.
Women's Kids Rain Slicker - Black,Women's version. Seam-sealed waterproof jacket with reflective accents for kids. Color: Black.
Women's Kids Rain Slicker - Teal,Women's version. Seam-sealed waterproof jacket with reflective accents for kids. Color: Teal.
Women's Softshell Wind Jacket - Red,Women's version. Wind-resistant stretch softshell with DWR that handles light rain. Color: Red.
Women's Softshell Wind Jacket - Yellow,Women's version. Wind-resistant stretch softshell with DWR that handles light rain. Color: Yellow.
Women's Softshell Wind Jacket - Navy,Women's version. Wind-resistant stretch softshell with DWR that handles light rain. Color: Navy.
Women's Softshell Wind Jacket - Black,Women's version. Wind-resistant stretch softshell with DWR that handles light rain. Color: Black.
Women's Softshell Wind Jacket - Teal,Women's version. Wind-resistant stretch softshell with DWR that handles light rain. Color: Teal.
Women's City Rain Mac - Red,Women's version. Slim-fit waterproof mac with sealed seams for urban commutes. Color: Red.
Women's City Rain Mac - Yellow,Women's version. Slim-fit waterproof mac with sealed seams for urban commutes. Color: Yellow.
Women's City Rain Mac - Navy,Women's version. Slim-fit waterproof mac with sealed seams for urban commutes. Color: Navy.
Women's City Rain Mac - Black,Women's version. Slim-fit waterproof mac with sealed seams for urban commutes. Color: Black.
Women's City Rain Mac - Teal,Women's version. Slim-fit waterproof mac with sealed seams for urban commutes. Color: Teal.
Women's Cycling Rain Cape - Red,Women's version. High-vis waterproof cape designed for cycling with extended back hem. Color: Red.
Women's Cycling Rain Cape - Yellow,Women's version. High-vis waterproof cape designed for cycling with extended back hem. Color: Yellow.
Women's Cycling Rain Cape - Navy,Women's version. High-vis waterproof cape designed for cycling with extended back hem. Color: Navy.
Women's Cycling Rain Cape - Black,Women's version. High-vis waterproof cape designed for cycling with extended back hem. Color: Black.
Women's Cycling Rain Cape - Teal,Women's version. High-vis waterproof cape designed for cycling with extended back hem. Color: Teal.
Men's Packable Rain Jacket - Red,Men's version. 2.5-layer waterproof jacket that packs into its own chest pocket. Color: Red.
Men's Packable Rain Jacket - Yellow,Men's version. 2.5-layer waterproof jacket that packs into its own chest pocket. Color: Yellow.
Men's Packable Rain Jacket - Navy,Men's version. 2.5-layer waterproof jacket that packs into its own chest pocket. Color: Navy.
Men's Packable Rain Jacket - Black,Men's version. 2.5-layer waterproof jacket that packs into its own chest pocket. Color: Black.
Men's Packable Rain Jacket - Teal,Men's version. 2.5-layer waterproof jacket that packs into its own chest pocket. Color: Teal.
Men's Hardshell Rain Jacket - Red,Men's version. Three-layer waterproof-breathable hardshell with fully taped seams. Color: Red.
Men's Hardshell Rain Jacket - Yellow,Men's version. Three-layer waterproof-breathable hardshell with fully taped seams. Color: Yellow.
Men's Hardshell Rain Jacket - Navy,Men's version. Three-layer waterproof-breathable hardshell with fully taped seams. Color: Navy.
Men's Hardshell Rain Jacket - Black,Men's version. Three-layer waterproof-breathable hardshell with fully taped seams. Color: Black.
Men's Hardshell Rain Jacket - Teal,Men's version. Three-layer waterproof-breathable hardshell with fully taped seams. Color: Teal.
Men's Waterproof Trail Jacket - Red,Men's version. Lightweight ripstop with DWR finish and underarm zips. Color: Red.
Men's Waterproof Trail Jacket - Yellow,Men's version. Lightweight ripstop with DWR finish and underarm zips. Color: Yellow.
Men's Waterproof Trail Jacket - Navy,Men's version. Lightweight ripstop with DWR finish and underarm zips. Color: Navy.
Men's Waterproof Trail Jacket - Black,Men's version. Lightweight ripstop with DWR finish and underarm zips. Color: Black.
Men's Waterproof Trail Jacket - Teal,Men's version. Lightweight ripstop with DWR finish and underarm zips. Color: Teal.
Men's All-Mountain Rain Jacket - Red,"Men's version. Technical mountain jacket with pit zips, adjustable hood, and climbing mobility. Color: Red."
Men's All-Mountain Rain Jacket - Yellow,"Men's version. Technical mountain jacket with pit zips, adjustable hood, and climbing mobility. Color: Yellow."
Men's All-Mountain Rain Jacket - Navy,"Men's version. Technical mountain jacket with pit zips, adjustable hood, and climbing mobility. Color: Navy."
Men's All-Mountain Rain Jacket - Black,"Men's version. Technical mountain jacket with pit zips, adjustable hood, and climbing mobility. Color: Black."
Men's All-Mountain Rain Jacket - Teal,"Men's version. Technical mountain jacket with pit zips, adjustable hood, and climbing mobility. Color: Teal."
Men's Ultralight Storm Shell - Red,Men's version. Weighs 170g and packs to baseball size. Emergency rain protection. Color: Red.
Men's Ultralight Storm Shell - Yellow,Men's version. Weighs 170g and packs to baseball size. Emergency rain protection. Color: Yellow.
Men's Ultralight Storm Shell - Navy,Men's version. Weighs 170g and packs to baseball size. Emergency rain protection. Color: Navy.
Men's Ultralight Storm Shell - Black,Men's version. Weighs 170g and packs to baseball size. Emergency rain protection. Color: Black.
Men's Ultralight Storm Shell - Teal,Men's version. Weighs 170g and packs to baseball size. Emergency rain protection. Color: Teal.
Men's Insulated Rain Jacket - Red,Men's version. Waterproof outer with 60g synthetic insulation for cold wet days. Color: Red.
Men's Insulated Rain Jacket - Yellow,Men's version. Waterproof outer with 60g synthetic insulation for cold wet days. Color: Yellow.
Men's Insulated Rain Jacket - Navy,Men's version. Waterproof outer with 60g synthetic insulation for cold wet days. Color: Navy.
Men's Insulated Rain Jacket - Black,Men's version. Waterproof outer with 60g synthetic insulation for cold wet days. Color: Black.
Men's Insulated Rain Jacket - Teal,Men's version. Waterproof outer with 60g synthetic insulation for cold wet days. Color: Teal.
Men's Kids Rain Slicker - Red,Men's version. Seam-sealed waterproof jacket with reflective accents for kids. Color: Red.
Men's Kids Rain Slicker - Yellow,Men's version. Seam-sealed waterproof jacket with reflective accents for kids. Color: Yellow.
Men's Kids Rain Slicker - Navy,Men's version. Seam-sealed waterproof jacket with reflective accents for kids. Color: Navy.
Men's Kids Rain Slicker - Black,Men's version. Seam-sealed waterproof jacket with reflective accents for kids. Color: Black.
Men's Kids Rain Slicker - Teal,Men's version. Seam-sealed waterproof jacket with reflective accents for kids. Color: Teal.
Men's Softshell Wind Jacket - Red,Men's version. Wind-resistant stretch softshell with DWR that handles light rain. Color: Red.
Men's Softshell Wind Jacket - Yellow,Men's version. Wind-resistant stretch softshell with DWR that handles light rain. Color: Yellow.
Men's Softshell Wind Jacket - Navy,Men's version. Wind-resistant stretch softshell with DWR that handles light rain. Color: Navy.
Men's Softshell Wind Jacket - Black,Men's version. Wind-resistant stretch softshell with DWR that handles light rain. Color: Black.
Men's Softshell Wind Jacket - Teal,Men's version. Wind-resistant stretch softshell with DWR that handles light rain. Color: Teal.
Men's City Rain Mac - Red,Men's version. Slim-fit waterproof mac with sealed seams for urban commutes. Color: Red.
Men's City Rain Mac - Yellow,Men's version. Slim-fit waterproof mac with sealed seams for urban commutes. Color: Yellow.
Men's City Rain Mac - Navy,Men's version. Slim-fit waterproof mac with sealed seams for urban commutes. Color: Navy.
Men's City Rain Mac - Black,Men's version. Slim-fit waterproof mac with sealed seams for urban commutes. Color: Black.
Men's City Rain Mac - Teal,Men's version. Slim-fit waterproof mac with sealed seams for urban commutes. Color: Teal.
Men's Cycling Rain Cape - Red,Men's version. High-vis waterproof cape designed for cycling with extended back hem. Color: Red.
Men's Cycling Rain Cape - Yellow,Men's version. High-vis waterproof cape designed for cycling with extended back hem. Color: Yellow.
Men's Cycling Rain Cape - Navy,Men's version. High-vis waterproof cape designed for cycling with extended back hem. Color: Navy.
Men's Cycling Rain Cape - Black,Men's version. High-vis waterproof cape designed for cycling with extended back hem. Color: Black.
Men's Cycling Rain Cape - Teal,Men's version. High-vis waterproof cape designed for cycling with extended back hem. Color: Teal.
Women's Midlayer Fleece Jacket - Charcoal,Women's version. 200-weight polyester fleece with full-zip design and anti-pill surface. Color: Charcoal.
Women's Midlayer Fleece Jacket - Cobalt Blue,Women's version. 200-weight polyester fleece with full-zip design and anti-pill surface. Color: Cobalt Blue.
Women's Midlayer Fleece Jacket - Burgundy,Women's version. 200-weight polyester fleece with full-zip design and anti-pill surface. Color: Burgundy.
Women's Midlayer Fleece Jacket - Forest Green,Women's version. 200-weight polyester fleece with full-zip design and anti-pill surface. Color: Forest Green.
Women's Midlayer Fleece Jacket - Heather Gray,Women's version. 200-weight polyester fleece with full-zip design and anti-pill surface. Color: Heather Gray.
Women's Grid-Fleece Insulator - Charcoal,Women's version. Low-profile grid fleece traps heat while wicking moisture outward. Color: Charcoal.
Women's Grid-Fleece Insulator - Cobalt Blue,Women's version. Low-profile grid fleece traps heat while wicking moisture outward. Color: Cobalt Blue.
Women's Grid-Fleece Insulator - Burgundy,Women's version. Low-profile grid fleece traps heat while wicking moisture outward. Color: Burgundy.
Women's Grid-Fleece Insulator - Forest Green,Women's version. Low-profile grid fleece traps heat while wicking moisture outward. Color: Forest Green.
Women's Grid-Fleece Insulator - Heather Gray,Women's version. Low-profile grid fleece traps heat while wicking moisture outward. Color: Heather Gray.
Women's Sherpa Fleece Pullover - Charcoal,Women's version. Plush sherpa exterior and smooth interior for maximum warmth. Color: Charcoal.
Women's Sherpa Fleece Pullover - Cobalt Blue,Women's version. Plush sherpa exterior and smooth interior for maximum warmth. Color: Cobalt Blue.
Women's Sherpa Fleece Pullover - Burgundy,Women's version. Plush sherpa exterior and smooth interior for maximum warmth. Color: Burgundy.
Women's Sherpa Fleece Pullover - Forest Green,Women's version. Plush sherpa exterior and smooth interior for maximum warmth. Color: Forest Green.
Women's Sherpa Fleece Pullover - Heather Gray,Women's version. Plush sherpa exterior and smooth interior for maximum warmth. Color: Heather Gray.
Women's Lightweight Fleece Vest - Charcoal,Women's version. Zippered pockets and a wind-resistant front panel. Packs into chest pocket. Color: Charcoal.
Women's Lightweight Fleece Vest - Cobalt Blue,Women's version. Zippered pockets and a wind-resistant front panel. Packs into chest pocket. Color: Cobalt Blue.
Women's Lightweight Fleece Vest - Burgundy,Women's version. Zippered pockets and a wind-resistant front panel. Packs into chest pocket. Color: Burgundy.
Women's Lightweight Fleece Vest - Forest Green,Women's version. Zippered pockets and a wind-resistant front panel. Packs into chest pocket. Color: Forest Green.
Women's Lightweight Fleece Vest - Heather Gray,Women's version. Zippered pockets and a wind-resistant front panel. Packs into chest pocket. Color: Heather Gray.
Women's Quarter-Zip Fleece Top - Charcoal,Women's version. Classic quarter-zip in 100-weight for aerobic activities. Color: Charcoal.
Women's Quarter-Zip Fleece Top - Cobalt Blue,Women's version. Classic quarter-zip in 100-weight for aerobic activities. Color: Cobalt Blue.
Women's Quarter-Zip Fleece Top - Burgundy,Women's version. Classic quarter-zip in 100-weight for aerobic activities. Color: Burgundy.
Women's Quarter-Zip Fleece Top - Forest Green,Women's version. Classic quarter-zip in 100-weight for aerobic activities. Color: Forest Green.
Women's Quarter-Zip Fleece Top - Heather Gray,Women's version. Classic quarter-zip in 100-weight for aerobic activities. Color: Heather Gray.
Women's Hooded Fleece Jacket - Charcoal,Women's version. Helmet-compatible hood and hand pockets in 300-weight fleece. Color: Charcoal.
Women's Hooded Fleece Jacket - Cobalt Blue,Women's version. Helmet-compatible hood and hand pockets in 300-weight fleece. Color: Cobalt Blue.
Women's Hooded Fleece Jacket - Burgundy,Women's version. Helmet-compatible hood and hand pockets in 300-weight fleece. Color: Burgundy.
Women's Hooded Fleece Jacket - Forest Green,Women's version. Helmet-compatible hood and hand pockets in 300-weight fleece. Color: Forest Green.
Women's Hooded Fleece Jacket - Heather Gray,Women's version. Helmet-compatible hood and hand pockets in 300-weight fleece. Color: Heather Gray.
Women's Recycled Fleece Jacket - Charcoal,"Women's version. Made from 100% recycled plastic bottles. Same warmth, lower footprint. Color: Charcoal."
Women's Recycled Fleece Jacket - Cobalt Blue,"Women's version. Made from 100% recycled plastic bottles. Same warmth, lower footprint. Color: Cobalt Blue."
Women's Recycled Fleece Jacket - Burgundy,"Women's version. Made from 100% recycled plastic bottles. Same warmth, lower footprint. Color: Burgundy."
Women's Recycled Fleece Jacket - Forest Green,"Women's version. Made from 100% recycled plastic bottles. Same warmth, lower footprint. Color: Forest Green."
Women's Recycled Fleece Jacket - Heather Gray,"Women's version. Made from 100% recycled plastic bottles. Same warmth, lower footprint. Color: Heather Gray."
Women's Power Fleece Pullover - Charcoal,Women's version. High-loft 300-weight fleece with stand-up collar and long back hem. Color: Charcoal.
Women's Power Fleece Pullover - Cobalt Blue,Women's version. High-loft 300-weight fleece with stand-up collar and long back hem. Color: Cobalt Blue.
Women's Power Fleece Pullover - Burgundy,Women's version. High-loft 300-weight fleece with stand-up collar and long back hem. Color: Burgundy.
Women's Power Fleece Pullover - Forest Green,Women's version. High-loft 300-weight fleece with stand-up collar and long back hem. Color: Forest Green.
Women's Power Fleece Pullover - Heather Gray,Women's version. High-loft 300-weight fleece with stand-up collar and long back hem. Color: Heather Gray.
Women's Fleece Wind Jacket - Charcoal,Women's version. Wind-resistant fleece bonded to a woven shell. Packable. Color: Charcoal.
Women's Fleece Wind Jacket - Cobalt Blue,Women's version. Wind-resistant fleece bonded to a woven shell. Packable. Color: Cobalt Blue.
Women's Fleece Wind Jacket - Burgundy,Women's version. Wind-resistant fleece bonded to a woven shell. Packable. Color: Burgundy.
Women's Fleece Wind Jacket - Forest Green,Women's version. Wind-resistant fleece bonded to a woven shell. Packable. Color: Forest Green.
Women's Fleece Wind Jacket - Heather Gray,Women's version. Wind-resistant fleece bonded to a woven shell. Packable. Color: Heather Gray.
Women's Moisture-Wicking Fleece - Charcoal,Women's version. 100-weight performance fleece that dries fast on big efforts. Color: Charcoal.
Women's Moisture-Wicking Fleece - Cobalt Blue,Women's version. 100-weight performance fleece that dries fast on big efforts. Color: Cobalt Blue.
Women's Moisture-Wicking Fleece - Burgundy,Women's version. 100-weight performance fleece that dries fast on big efforts. Color: Burgundy.
Women's Moisture-Wicking Fleece - Forest Green,Women's version. 100-weight performance fleece that dries fast on big efforts. Color: Forest Green.
Women's Moisture-Wicking Fleece - Heather Gray,Women's version. 100-weight performance fleece that dries fast on big efforts. Color: Heather Gray.
Men's Midlayer Fleece Jacket - Charcoal,Men's version. 200-weight polyester fleece with full-zip design and anti-pill surface. Color: Charcoal.
Men's Midlayer Fleece Jacket - Cobalt Blue,Men's version. 200-weight polyester fleece with full-zip design and anti-pill surface. Color: Cobalt Blue.
Men's Midlayer Fleece Jacket - Burgundy,Men's version. 200-weight polyester fleece with full-zip design and anti-pill surface. Color: Burgundy.
Men's Midlayer Fleece Jacket - Forest Green,Men's version. 200-weight polyester fleece with full-zip design and anti-pill surface. Color: Forest Green.
Men's Midlayer Fleece Jacket - Heather Gray,Men's version. 200-weight polyester fleece with full-zip design and anti-pill surface. Color: Heather Gray.
Men's Grid-Fleece Insulator - Charcoal,Men's version. Low-profile grid fleece traps heat while wicking moisture outward. Color: Charcoal.
Men's Grid-Fleece Insulator - Cobalt Blue,Men's version. Low-profile grid fleece traps heat while wicking moisture outward. Color: Cobalt Blue.
Men's Grid-Fleece Insulator - Burgundy,Men's version. Low-profile grid fleece traps heat while wicking moisture outward. Color: Burgundy.
Men's Grid-Fleece Insulator - Forest Green,Men's version. Low-profile grid fleece traps heat while wicking moisture outward. Color: Forest Green.
Men's Grid-Fleece Insulator - Heather Gray,Men's version. Low-profile grid fleece traps heat while wicking moisture outward. Color: Heather Gray.
Men's Sherpa Fleece Pullover - Charcoal,Men's version. Plush sherpa exterior and smooth interior for maximum warmth. Color: Charcoal.
Men's Sherpa Fleece Pullover - Cobalt Blue,Men's version. Plush sherpa exterior and smooth interior for maximum warmth. Color: Cobalt Blue.
Men's Sherpa Fleece Pullover - Burgundy,Men's version. Plush sherpa exterior and smooth interior for maximum warmth. Color: Burgundy.
Men's Sherpa Fleece Pullover - Forest Green,Men's version. Plush sherpa exterior and smooth interior for maximum warmth. Color: Forest Green.
Men's Sherpa Fleece Pullover - Heather Gray,Men's version. Plush sherpa exterior and smooth interior for maximum warmth. Color: Heather Gray.
Men's Lightweight Fleece Vest - Charcoal,Men's version. Zippered pockets and a wind-resistant front panel. Packs into chest pocket. Color: Charcoal.
Men's Lightweight Fleece Vest - Cobalt Blue,Men's version. Zippered pockets and a wind-resistant front panel. Packs into chest pocket. Color: Cobalt Blue.
Men's Lightweight Fleece Vest - Burgundy,Men's version. Zippered pockets and a wind-resistant front panel. Packs into chest pocket. Color: Burgundy.
Men's Lightweight Fleece Vest - Forest Green,Men's version. Zippered pockets and a wind-resistant front panel. Packs into chest pocket. Color: Forest Green.
Men's Lightweight Fleece Vest - Heather Gray,Men's version. Zippered pockets and a wind-resistant front panel. Packs into chest pocket. Color: Heather Gray.
Men's Quarter-Zip Fleece Top - Charcoal,Men's version. Classic quarter-zip in 100-weight for aerobic activities. Color: Charcoal.
Men's Quarter-Zip Fleece Top - Cobalt Blue,Men's version. Classic quarter-zip in 100-weight for aerobic activities. Color: Cobalt Blue.
Men's Quarter-Zip Fleece Top - Burgundy,Men's version. Classic quarter-zip in 100-weight for aerobic activities. Color: Burgundy.
Men's Quarter-Zip Fleece Top - Forest Green,Men's version. Classic quarter-zip in 100-weight for aerobic activities. Color: Forest Green.
Men's Quarter-Zip Fleece Top - Heather Gray,Men's version. Classic quarter-zip in 100-weight for aerobic activities. Color: Heather Gray.
Men's Hooded Fleece Jacket - Charcoal,Men's version. Helmet-compatible hood and hand pockets in 300-weight fleece. Color: Charcoal.
Men's Hooded Fleece Jacket - Cobalt Blue,Men's version. Helmet-compatible hood and hand pockets in 300-weight fleece. Color: Cobalt Blue.
Men's Hooded Fleece Jacket - Burgundy,Men's version. Helmet-compatible hood and hand pockets in 300-weight fleece. Color: Burgundy.
Men's Hooded Fleece Jacket - Forest Green,Men's version. Helmet-compatible hood and hand pockets in 300-weight fleece. Color: Forest Green.
Men's Hooded Fleece Jacket - Heather Gray,Men's version. Helmet-compatible hood and hand pockets in 300-weight fleece. Color: Heather Gray.
Men's Recycled Fleece Jacket - Charcoal,"Men's version. Made from 100% recycled plastic bottles. Same warmth, lower footprint. Color: Charcoal."
Men's Recycled Fleece Jacket - Cobalt Blue,"Men's version. Made from 100% recycled plastic bottles. Same warmth, lower footprint. Color: Cobalt Blue."
Men's Recycled Fleece Jacket - Burgundy,"Men's version. Made from 100% recycled plastic bottles. Same warmth, lower footprint. Color: Burgundy."
Men's Recycled Fleece Jacket - Forest Green,"Men's version. Made from 100% recycled plastic bottles. Same warmth, lower footprint. Color: Forest Green."
Men's Recycled Fleece Jacket - Heather Gray,"Men's version. Made from 100% recycled plastic bottles. Same warmth, lower footprint. Color: Heather Gray."
Men's Power Fleece Pullover - Charcoal,Men's version. High-loft 300-weight fleece with stand-up collar and long back hem. Color: Charcoal.
Men's Power Fleece Pullover - Cobalt Blue,Men's version. High-loft 300-weight fleece with stand-up collar and long back hem. Color: Cobalt Blue.
Men's Power Fleece Pullover - Burgundy,Men's version. High-loft 300-weight fleece with stand-up collar and long back hem. Color: Burgundy.
Men's Power Fleece Pullover - Forest Green,Men's version. High-loft 300-weight fleece with stand-up collar and long back hem. Color: Forest Green.
Men's Power Fleece Pullover - Heather Gray,Men's version. High-loft 300-weight fleece with stand-up collar and long back hem. Color: Heather Gray.
Men's Fleece Wind Jacket - Charcoal,Men's version. Wind-resistant fleece bonded to a woven shell. Packable. Color: Charcoal.
Men's Fleece Wind Jacket - Cobalt Blue,Men's version. Wind-resistant fleece bonded to a woven shell. Packable. Color: Cobalt Blue.
Men's Fleece Wind Jacket - Burgundy,Men's version. Wind-resistant fleece bonded to a woven shell. Packable. Color: Burgundy.
Men's Fleece Wind Jacket - Forest Green,Men's version. Wind-resistant fleece bonded to a woven shell. Packable. Color: Forest Green.
Men's Fleece Wind Jacket - Heather Gray,Men's version. Wind-resistant fleece bonded to a woven shell. Packable. Color: Heather Gray.
Men's Moisture-Wicking Fleece - Charcoal,Men's version. 100-weight performance fleece that dries fast on big efforts. Color: Charcoal.
Men's Moisture-Wicking Fleece - Cobalt Blue,Men's version. 100-weight performance fleece that dries fast on big efforts. Color: Cobalt Blue.
Men's Moisture-Wicking Fleece - Burgundy,Men's version. 100-weight performance fleece that dries fast on big efforts. Color: Burgundy.
Men's Moisture-Wicking Fleece - Forest Green,Men's version. 100-weight performance fleece that dries fast on big efforts. Color: Forest Green.
Men's Moisture-Wicking Fleece - Heather Gray,Men's version. 100-weight performance fleece that dries fast on big efforts. Color: Heather Gray.
Women's Merino Wool Base-Layer Top - Natural,Women's version. Superfine 150-weight merino regulates temperature and resists odour. Color: Natural.
Women's Merino Wool Base-Layer Top - Black,Women's version. Superfine 150-weight merino regulates temperature and resists odour. Color: Black.
Women's Merino Wool Base-Layer Top - Slate,Women's version. Superfine 150-weight merino regulates temperature and resists odour. Color: Slate.
Women's Merino Wool Base-Layer Top - Crimson,Women's version. Superfine 150-weight merino regulates temperature and resists odour. Color: Crimson.
Women's Merino Wool Base-Layer Top - Storm Blue,Women's version. Superfine 150-weight merino regulates temperature and resists odour. Color: Storm Blue.
Women's Synthetic Base-Layer Top - Natural,Women's version. Polyester base layer dries faster than wool with flatlock seams. Color: Natural.
Women's Synthetic Base-Layer Top - Black,Women's version. Polyester base layer dries faster than wool with flatlock seams. Color: Black.
Women's Synthetic Base-Layer Top - Slate,Women's version. Polyester base layer dries faster than wool with flatlock seams. Color: Slate.
Women's Synthetic Base-Layer Top - Crimson,Women's version. Polyester base layer dries faster than wool with flatlock seams. Color: Crimson.
Women's Synthetic Base-Layer Top - Storm Blue,Women's version. Polyester base layer dries faster than wool with flatlock seams. Color: Storm Blue.
Women's Heavyweight Thermal Undershirt - Natural,Women's version. 250-weight merino thermal for extreme cold. Long back hem. Color: Natural.
Women's Heavyweight Thermal Undershirt - Black,Women's version. 250-weight merino thermal for extreme cold. Long back hem. Color: Black.
Women's Heavyweight Thermal Undershirt - Slate,Women's version. 250-weight merino thermal for extreme cold. Long back hem. Color: Slate.
Women's Heavyweight Thermal Undershirt - Crimson,Women's version. 250-weight merino thermal for extreme cold. Long back hem. Color: Crimson.
Women's Heavyweight Thermal Undershirt - Storm Blue,Women's version. 250-weight merino thermal for extreme cold. Long back hem. Color: Storm Blue.
Women's Lightweight Long-Sleeve Baselayer - Natural,Women's version. Barely-there 120-weight merino for mild conditions. Color: Natural.
Women's Lightweight Long-Sleeve Baselayer - Black,Women's version. Barely-there 120-weight merino for mild conditions. Color: Black.
Women's Lightweight Long-Sleeve Baselayer - Slate,Women's version. Barely-there 120-weight merino for mild conditions. Color: Slate.
Women's Lightweight Long-Sleeve Baselayer - Crimson,Women's version. Barely-there 120-weight merino for mild conditions. Color: Crimson.
Women's Lightweight Long-Sleeve Baselayer - Storm Blue,Women's version. Barely-there 120-weight merino for mild conditions. Color: Storm Blue.
Women's Compression Base Layer - Natural,Women's version. Graduated compression supports muscles during long days. Color: Natural.
Women's Compression Base Layer - Black,Women's version. Graduated compression supports muscles during long days. Color: Black.
Women's Compression Base Layer - Slate,Women's version. Graduated compression supports muscles during long days. Color: Slate.
Women's Compression Base Layer - Crimson,Women's version. Graduated compression supports muscles during long days. Color: Crimson.
Women's Compression Base Layer - Storm Blue,Women's version. Graduated compression supports muscles during long days. Color: Storm Blue.
Women's Merino Blend Tights - Natural,Women's version. Merino/spandex four-way stretch tights for hiking and skiing. Color: Natural.
Women's Merino Blend Tights - Black,Women's version. Merino/spandex four-way stretch tights for hiking and skiing. Color: Black.
Women's Merino Blend Tights - Slate,Women's version. Merino/spandex four-way stretch tights for hiking and skiing. Color: Slate.
Women's Merino Blend Tights - Crimson,Women's version. Merino/spandex four-way stretch tights for hiking and skiing. Color: Crimson.
Women's Merino Blend Tights - Storm Blue,Women's version. Merino/spandex four-way stretch tights for hiking and skiing. Color: Storm Blue.
Women's Thermal Long-Johns - Natural,Women's version. Mid-weight thermal bottoms with elastic waist and gusseted crotch. Color: Natural.
Women's Thermal Long-Johns - Black,Women's version. Mid-weight thermal bottoms with elastic waist and gusseted crotch. Color: Black.
Women's Thermal Long-Johns - Slate,Women's version. Mid-weight thermal bottoms with elastic waist and gusseted crotch. Color: Slate.
Women's Thermal Long-Johns - Crimson,Women's version. Mid-weight thermal bottoms with elastic waist and gusseted crotch. Color: Crimson.
Women's Thermal Long-Johns - Storm Blue,Women's version. Mid-weight thermal bottoms with elastic waist and gusseted crotch. Color: Storm Blue.
Women's Silk-Weight Base Layer - Natural,Women's version. Ultrafine merino at 120g/m for gram-counters. Color: Natural.
Women's Silk-Weight Base Layer - Black,Women's version. Ultrafine merino at 120g/m for gram-counters. Color: Black.
Women's Silk-Weight Base Layer - Slate,Women's version. Ultrafine merino at 120g/m for gram-counters. Color: Slate.
Women's Silk-Weight Base Layer - Crimson,Women's version. Ultrafine merino at 120g/m for gram-counters. Color: Crimson.
Women's Silk-Weight Base Layer - Storm Blue,Women's version. Ultrafine merino at 120g/m for gram-counters. Color: Storm Blue.
Women's Recycled Synthetic Base Layer - Natural,Women's version. Recycled polyester with moisture-wicking and quick-dry properties. Color: Natural.
Women's Recycled Synthetic Base Layer - Black,Women's version. Recycled polyester with moisture-wicking and quick-dry properties. Color: Black.
Women's Recycled Synthetic Base Layer - Slate,Women's version. Recycled polyester with moisture-wicking and quick-dry properties. Color: Slate.
Women's Recycled Synthetic Base Layer - Crimson,Women's version. Recycled polyester with moisture-wicking and quick-dry properties. Color: Crimson.
Women's Recycled Synthetic Base Layer - Storm Blue,Women's version. Recycled polyester with moisture-wicking and quick-dry properties. Color: Storm Blue.
Women's Bamboo Base-Layer Top - Natural,Women's version. Soft bamboo-blend top that is naturally antimicrobial. Color: Natural.
Women's Bamboo Base-Layer Top - Black,Women's version. Soft bamboo-blend top that is naturally antimicrobial. Color: Black.
Women's Bamboo Base-Layer Top - Slate,Women's version. Soft bamboo-blend top that is naturally antimicrobial. Color: Slate.
Women's Bamboo Base-Layer Top - Crimson,Women's version. Soft bamboo-blend top that is naturally antimicrobial. Color: Crimson.
Women's Bamboo Base-Layer Top - Storm Blue,Women's version. Soft bamboo-blend top that is naturally antimicrobial. Color: Storm Blue.
Men's Merino Wool Base-Layer Top - Natural,Men's version. Superfine 150-weight merino regulates temperature and resists odour. Color: Natural.
Men's Merino Wool Base-Layer Top - Black,Men's version. Superfine 150-weight merino regulates temperature and resists odour. Color: Black.
Men's Merino Wool Base-Layer Top - Slate,Men's version. Superfine 150-weight merino regulates temperature and resists odour. Color: Slate.
Men's Merino Wool Base-Layer Top - Crimson,Men's version. Superfine 150-weight merino regulates temperature and resists odour. Color: Crimson.
Men's Merino Wool Base-Layer Top - Storm Blue,Men's version. Superfine 150-weight merino regulates temperature and resists odour. Color: Storm Blue.
Men's Synthetic Base-Layer Top - Natural,Men's version. Polyester base layer dries faster than wool with flatlock seams. Color: Natural.
Men's Synthetic Base-Layer Top - Black,Men's version. Polyester base layer dries faster than wool with flatlock seams. Color: Black.
Men's Synthetic Base-Layer Top - Slate,Men's version. Polyester base layer dries faster than wool with flatlock seams. Color: Slate.
Men's Synthetic Base-Layer Top - Crimson,Men's version. Polyester base layer dries faster than wool with flatlock seams. Color: Crimson.
Men's Synthetic Base-Layer Top - Storm Blue,Men's version. Polyester base layer dries faster than wool with flatlock seams. Color: Storm Blue.
Men's Heavyweight Thermal Undershirt - Natural,Men's version. 250-weight merino thermal for extreme cold. Long back hem. Color: Natural.
Men's Heavyweight Thermal Undershirt - Black,Men's version. 250-weight merino thermal for extreme cold. Long back hem. Color: Black.
Men's Heavyweight Thermal Undershirt - Slate,Men's version. 250-weight merino thermal for extreme cold. Long back hem. Color: Slate.
Men's Heavyweight Thermal Undershirt - Crimson,Men's version. 250-weight merino thermal for extreme cold. Long back hem. Color: Crimson.
Men's Heavyweight Thermal Undershirt - Storm Blue,Men's version. 250-weight merino thermal for extreme cold. Long back hem. Color: Storm Blue.
Men's Lightweight Long-Sleeve Baselayer - Natural,Men's version. Barely-there 120-weight merino for mild conditions. Color: Natural.
Men's Lightweight Long-Sleeve Baselayer - Black,Men's version. Barely-there 120-weight merino for mild conditions. Color: Black.
Men's Lightweight Long-Sleeve Baselayer - Slate,Men's version. Barely-there 120-weight merino for mild conditions. Color: Slate.
Men's Lightweight Long-Sleeve Baselayer - Crimson,Men's version. Barely-there 120-weight merino for mild conditions. Color: Crimson.
Men's Lightweight Long-Sleeve Baselayer - Storm Blue,Men's version. Barely-there 120-weight merino for mild conditions. Color: Storm Blue.
Men's Compression Base Layer - Natural,Men's version. Graduated compression supports muscles during long days. Color: Natural.
Men's Compression Base Layer - Black,Men's version. Graduated compression supports muscles during long days. Color: Black.
Men's Compression Base Layer - Slate,Men's version. Graduated compression supports muscles during long days. Color: Slate.
Men's Compression Base Layer - Crimson,Men's version. Graduated compression supports muscles during long days. Color: Crimson.
Men's Compression Base Layer - Storm Blue,Men's version. Graduated compression supports muscles during long days. Color: Storm Blue.
Men's Merino Blend Tights - Natural,Men's version. Merino/spandex four-way stretch tights for hiking and skiing. Color: Natural.
Men's Merino Blend Tights - Black,Men's version. Merino/spandex four-way stretch tights for hiking and skiing. Color: Black.
Men's Merino Blend Tights - Slate,Men's version. Merino/spandex four-way stretch tights for hiking and skiing. Color: Slate.
Men's Merino Blend Tights - Crimson,Men's version. Merino/spandex four-way stretch tights for hiking and skiing. Color: Crimson.
Men's Merino Blend Tights - Storm Blue,Men's version. Merino/spandex four-way stretch tights for hiking and skiing. Color: Storm Blue.
Men's Thermal Long-Johns - Natural,Men's version. Mid-weight thermal bottoms with elastic waist and gusseted crotch. Color: Natural.
Men's Thermal Long-Johns - Black,Men's version. Mid-weight thermal bottoms with elastic waist and gusseted crotch. Color: Black.
Men's Thermal Long-Johns - Slate,Men's version. Mid-weight thermal bottoms with elastic waist and gusseted crotch. Color: Slate.
Men's Thermal Long-Johns - Crimson,Men's version. Mid-weight thermal bottoms with elastic waist and gusseted crotch. Color: Crimson.
Men's Thermal Long-Johns - Storm Blue,Men's version. Mid-weight thermal bottoms with elastic waist and gusseted crotch. Color: Storm Blue.
Men's Silk-Weight Base Layer - Natural,Men's version. Ultrafine merino at 120g/m for gram-counters. Color: Natural.
Men's Silk-Weight Base Layer - Black,Men's version. Ultrafine merino at 120g/m for gram-counters. Color: Black.
Men's Silk-Weight Base Layer - Slate,Men's version. Ultrafine merino at 120g/m for gram-counters. Color: Slate.
Men's Silk-Weight Base Layer - Crimson,Men's version. Ultrafine merino at 120g/m for gram-counters. Color: Crimson.
Men's Silk-Weight Base Layer - Storm Blue,Men's version. Ultrafine merino at 120g/m for gram-counters. Color: Storm Blue.
Men's Recycled Synthetic Base Layer - Natural,Men's version. Recycled polyester with moisture-wicking and quick-dry properties. Color: Natural.
Men's Recycled Synthetic Base Layer - Black,Men's version. Recycled polyester with moisture-wicking and quick-dry properties. Color: Black.
Men's Recycled Synthetic Base Layer - Slate,Men's version. Recycled polyester with moisture-wicking and quick-dry properties. Color: Slate.
Men's Recycled Synthetic Base Layer - Crimson,Men's version. Recycled polyester with moisture-wicking and quick-dry properties. Color: Crimson.
Men's Recycled Synthetic Base Layer - Storm Blue,Men's version. Recycled polyester with moisture-wicking and quick-dry properties. Color: Storm Blue.
Men's Bamboo Base-Layer Top - Natural,Men's version. Soft bamboo-blend top that is naturally antimicrobial. Color: Natural.
Men's Bamboo Base-Layer Top - Black,Men's version. Soft bamboo-blend top that is naturally antimicrobial. Color: Black.
Men's Bamboo Base-Layer Top - Slate,Men's version. Soft bamboo-blend top that is naturally antimicrobial. Color: Slate.
Men's Bamboo Base-Layer Top - Crimson,Men's version. Soft bamboo-blend top that is naturally antimicrobial. Color: Crimson.
Men's Bamboo Base-Layer Top - Storm Blue,Men's version. Soft bamboo-blend top that is naturally antimicrobial. Color: Storm Blue.
Women's Quick-Dry Boardshorts - Pacific Blue,Women's version. 4-way stretch recycled nylon with snap-and-velcro closure. Color: Pacific Blue.
Women's Quick-Dry Boardshorts - Coral Red,Women's version. 4-way stretch recycled nylon with snap-and-velcro closure. Color: Coral Red.
Women's Quick-Dry Boardshorts - Midnight Navy,Women's version. 4-way stretch recycled nylon with snap-and-velcro closure. Color: Midnight Navy.
Women's Quick-Dry Boardshorts - Lime Punch,Women's version. 4-way stretch recycled nylon with snap-and-velcro closure. Color: Lime Punch.
Women's Quick-Dry Boardshorts - Sea Foam,Women's version. 4-way stretch recycled nylon with snap-and-velcro closure. Color: Sea Foam.
Women's UPF 50 Rash Guard - Pacific Blue,Women's version. Flatlock-seamed rash guard with UPF 50+ sun protection for surfing. Color: Pacific Blue.
Women's UPF 50 Rash Guard - Coral Red,Women's version. Flatlock-seamed rash guard with UPF 50+ sun protection for surfing. Color: Coral Red.
Women's UPF 50 Rash Guard - Midnight Navy,Women's version. Flatlock-seamed rash guard with UPF 50+ sun protection for surfing. Color: Midnight Navy.
Women's UPF 50 Rash Guard - Lime Punch,Women's version. Flatlock-seamed rash guard with UPF 50+ sun protection for surfing. Color: Lime Punch.
Women's UPF 50 Rash Guard - Sea Foam,Women's version. Flatlock-seamed rash guard with UPF 50+ sun protection for surfing. Color: Sea Foam.
Women's Performance Swim Trunks - Pacific Blue,Women's version. Chlorine-resistant with compression liner and contrast drawcord. Color: Pacific Blue.
Women's Performance Swim Trunks - Coral Red,Women's version. Chlorine-resistant with compression liner and contrast drawcord. Color: Coral Red.
Women's Performance Swim Trunks - Midnight Navy,Women's version. Chlorine-resistant with compression liner and contrast drawcord. Color: Midnight Navy.
Women's Performance Swim Trunks - Lime Punch,Women's version. Chlorine-resistant with compression liner and contrast drawcord. Color: Lime Punch.
Women's Performance Swim Trunks - Sea Foam,Women's version. Chlorine-resistant with compression liner and contrast drawcord. Color: Sea Foam.
Women's One-Piece Active Swimsuit - Pacific Blue,Women's version. Crossback one-piece for pool and open-water swims. Wide straps. Color: Pacific Blue.
Women's One-Piece Active Swimsuit - Coral Red,Women's version. Crossback one-piece for pool and open-water swims. Wide straps. Color: Coral Red.
Women's One-Piece Active Swimsuit - Midnight Navy,Women's version. Crossback one-piece for pool and open-water swims. Wide straps. Color: Midnight Navy.
Women's One-Piece Active Swimsuit - Lime Punch,Women's version. Crossback one-piece for pool and open-water swims. Wide straps. Color: Lime Punch.
Women's One-Piece Active Swimsuit - Sea Foam,Women's version. Crossback one-piece for pool and open-water swims. Wide straps. Color: Sea Foam.
Women's Tankini Swim Top - Pacific Blue,Women's version. UV-blocking tankini with adjustable bust shelf. Color: Pacific Blue.
Women's Tankini Swim Top - Coral Red,Women's version. UV-blocking tankini with adjustable bust shelf. Color: Coral Red.
Women's Tankini Swim Top - Midnight Navy,Women's version. UV-blocking tankini with adjustable bust shelf. Color: Midnight Navy.
Women's Tankini Swim Top - Lime Punch,Women's version. UV-blocking tankini with adjustable bust shelf. Color: Lime Punch.
Women's Tankini Swim Top - Sea Foam,Women's version. UV-blocking tankini with adjustable bust shelf. Color: Sea Foam.
Women's Swim Shorts with Pockets - Pacific Blue,Women's version. Versatile quick-dry shorts that double as casuals. Color: Pacific Blue.
Women's Swim Shorts with Pockets - Coral Red,Women's version. Versatile quick-dry shorts that double as casuals. Color: Coral Red.
Women's Swim Shorts with Pockets - Midnight Navy,Women's version. Versatile quick-dry shorts that double as casuals. Color: Midnight Navy.
Women's Swim Shorts with Pockets - Lime Punch,Women's version. Versatile quick-dry shorts that double as casuals. Color: Lime Punch.
Women's Swim Shorts with Pockets - Sea Foam,Women's version. Versatile quick-dry shorts that double as casuals. Color: Sea Foam.
Women's Long-Leg Sun-Protection Swimsuit - Pacific Blue,Women's version. Full-coverage swimsuit with UPF 50+ for tropical sun. Color: Pacific Blue.
Women's Long-Leg Sun-Protection Swimsuit - Coral Red,Women's version. Full-coverage swimsuit with UPF 50+ for tropical sun. Color: Coral Red.
Women's Long-Leg Sun-Protection Swimsuit - Midnight Navy,Women's version. Full-coverage swimsuit with UPF 50+ for tropical sun. Color: Midnight Navy.
Women's Long-Leg Sun-Protection Swimsuit - Lime Punch,Women's version. Full-coverage swimsuit with UPF 50+ for tropical sun. Color: Lime Punch.
Women's Long-Leg Sun-Protection Swimsuit - Sea Foam,Women's version. Full-coverage swimsuit with UPF 50+ for tropical sun. Color: Sea Foam.
Women's Surf Bib Shorts - Pacific Blue,Women's version. Cycling-inspired bib design for surfing. UPF 30 protection. Color: Pacific Blue.
Women's Surf Bib Shorts - Coral Red,Women's version. Cycling-inspired bib design for surfing. UPF 30 protection. Color: Coral Red.
Women's Surf Bib Shorts - Midnight Navy,Women's version. Cycling-inspired bib design for surfing. UPF 30 protection. Color: Midnight Navy.
Women's Surf Bib Shorts - Lime Punch,Women's version. Cycling-inspired bib design for surfing. UPF 30 protection. Color: Lime Punch.
Women's Surf Bib Shorts - Sea Foam,Women's version. Cycling-inspired bib design for surfing. UPF 30 protection. Color: Sea Foam.
Women's Hybrid Water Shorts - Pacific Blue,Women's version. Quick-dry 4-way stretch from water to land seamlessly. Color: Pacific Blue.
Women's Hybrid Water Shorts - Coral Red,Women's version. Quick-dry 4-way stretch from water to land seamlessly. Color: Coral Red.
Women's Hybrid Water Shorts - Midnight Navy,Women's version. Quick-dry 4-way stretch from water to land seamlessly. Color: Midnight Navy.
Women's Hybrid Water Shorts - Lime Punch,Women's version. Quick-dry 4-way stretch from water to land seamlessly. Color: Lime Punch.
Women's Hybrid Water Shorts - Sea Foam,Women's version. Quick-dry 4-way stretch from water to land seamlessly. Color: Sea Foam.
Women's Thermal Wetsuit Shorty - Pacific Blue,Women's version. 2mm neoprene for cool-water surfing and kayaking. Color: Pacific Blue.
Women's Thermal Wetsuit Shorty - Coral Red,Women's version. 2mm neoprene for cool-water surfing and kayaking. Color: Coral Red.
Women's Thermal Wetsuit Shorty - Midnight Navy,Women's version. 2mm neoprene for cool-water surfing and kayaking. Color: Midnight Navy.
Women's Thermal Wetsuit Shorty - Lime Punch,Women's version. 2mm neoprene for cool-water surfing and kayaking. Color: Lime Punch.
Women's Thermal Wetsuit Shorty - Sea Foam,Women's version. 2mm neoprene for cool-water surfing and kayaking. Color: Sea Foam.
Men's Quick-Dry Boardshorts - Pacific Blue,Men's version. 4-way stretch recycled nylon with snap-and-velcro closure. Color: Pacific Blue.
Men's Quick-Dry Boardshorts - Coral Red,Men's version. 4-way stretch recycled nylon with snap-and-velcro closure. Color: Coral Red.
Men's Quick-Dry Boardshorts - Midnight Navy,Men's version. 4-way stretch recycled nylon with snap-and-velcro closure. Color: Midnight Navy.
Men's Quick-Dry Boardshorts - Lime Punch,Men's version. 4-way stretch recycled nylon with snap-and-velcro closure. Color: Lime Punch.
Men's Quick-Dry Boardshorts - Sea Foam,Men's version. 4-way stretch recycled nylon with snap-and-velcro closure. Color: Sea Foam.
Men's UPF 50 Rash Guard - Pacific Blue,Men's version. Flatlock-seamed rash guard with UPF 50+ sun protection for surfing. Color: Pacific Blue.
Men's UPF 50 Rash Guard - Coral Red,Men's version. Flatlock-seamed rash guard with UPF 50+ sun protection for surfing. Color: Coral Red.
Men's UPF 50 Rash Guard - Midnight Navy,Men's version. Flatlock-seamed rash guard with UPF 50+ sun protection for surfing. Color: Midnight Navy.
Men's UPF 50 Rash Guard - Lime Punch,Men's version. Flatlock-seamed rash guard with UPF 50+ sun protection for surfing. Color: Lime Punch.
Men's UPF 50 Rash Guard - Sea Foam,Men's version. Flatlock-seamed rash guard with UPF 50+ sun protection for surfing. Color: Sea Foam.
Men's Performance Swim Trunks - Pacific Blue,Men's version. Chlorine-resistant with compression liner and contrast drawcord. Color: Pacific Blue.
Men's Performance Swim Trunks - Coral Red,Men's version. Chlorine-resistant with compression liner and contrast drawcord. Color: Coral Red.
Men's Performance Swim Trunks - Midnight Navy,Men's version. Chlorine-resistant with compression liner and contrast drawcord. Color: Midnight Navy.
Men's Performance Swim Trunks - Lime Punch,Men's version. Chlorine-resistant with compression liner and contrast drawcord. Color: Lime Punch.
Men's Performance Swim Trunks - Sea Foam,Men's version. Chlorine-resistant with compression liner and contrast drawcord. Color: Sea Foam.
Men's One-Piece Active Swimsuit - Pacific Blue,Men's version. Crossback one-piece for pool and open-water swims. Wide straps. Color: Pacific Blue.
Men's One-Piece Active Swimsuit - Coral Red,Men's version. Crossback one-piece for pool and open-water swims. Wide straps. Color: Coral Red.
Men's One-Piece Active Swimsuit - Midnight Navy,Men's version. Crossback one-piece for pool and open-water swims. Wide straps. Color: Midnight Navy.
Men's One-Piece Active Swimsuit - Lime Punch,Men's version. Crossback one-piece for pool and open-water swims. Wide straps. Color: Lime Punch.
Men's One-Piece Active Swimsuit - Sea Foam,Men's version. Crossback one-piece for pool and open-water swims. Wide straps. Color: Sea Foam.
Men's Tankini Swim Top - Pacific Blue,Men's version. UV-blocking tankini with adjustable bust shelf. Color: Pacific Blue.
Men's Tankini Swim Top - Coral Red,Men's version. UV-blocking tankini with adjustable bust shelf. Color: Coral Red.
Men's Tankini Swim Top - Midnight Navy,Men's version. UV-blocking tankini with adjustable bust shelf. Color: Midnight Navy.
Men's Tankini Swim Top - Lime Punch,Men's version. UV-blocking tankini with adjustable bust shelf. Color: Lime Punch.
Men's Tankini Swim Top - Sea Foam,Men's version. UV-blocking tankini with adjustable bust shelf. Color: Sea Foam.
Men's Swim Shorts with Pockets - Pacific Blue,Men's version. Versatile quick-dry shorts that double as casuals. Color: Pacific Blue.
Men's Swim Shorts with Pockets - Coral Red,Men's version. Versatile quick-dry shorts that double as casuals. Color: Coral Red.
Men's Swim Shorts with Pockets - Midnight Navy,Men's version. Versatile quick-dry shorts that double as casuals. Color: Midnight Navy.
Men's Swim Shorts with Pockets - Lime Punch,Men's version. Versatile quick-dry shorts that double as casuals. Color: Lime Punch.
Men's Swim Shorts with Pockets - Sea Foam,Men's version. Versatile quick-dry shorts that double as casuals. Color: Sea Foam.
Men's Long-Leg Sun-Protection Swimsuit - Pacific Blue,Men's version. Full-coverage swimsuit with UPF 50+ for tropical sun. Color: Pacific Blue.
Men's Long-Leg Sun-Protection Swimsuit - Coral Red,Men's version. Full-coverage swimsuit with UPF 50+ for tropical sun. Color: Coral Red.
Men's Long-Leg Sun-Protection Swimsuit - Midnight Navy,Men's version. Full-coverage swimsuit with UPF 50+ for tropical sun. Color: Midnight Navy.
Men's Long-Leg Sun-Protection Swimsuit - Lime Punch,Men's version. Full-coverage swimsuit with UPF 50+ for tropical sun. Color: Lime Punch.
Men's Long-Leg Sun-Protection Swimsuit - Sea Foam,Men's version. Full-coverage swimsuit with UPF 50+ for tropical sun. Color: Sea Foam.
Men's Surf Bib Shorts - Pacific Blue,Men's version. Cycling-inspired bib design for surfing. UPF 30 protection. Color: Pacific Blue.
Men's Surf Bib Shorts - Coral Red,Men's version. Cycling-inspired bib design for surfing. UPF 30 protection. Color: Coral Red.
Men's Surf Bib Shorts - Midnight Navy,Men's version. Cycling-inspired bib design for surfing. UPF 30 protection. Color: Midnight Navy.
Men's Surf Bib Shorts - Lime Punch,Men's version. Cycling-inspired bib design for surfing. UPF 30 protection. Color: Lime Punch.
Men's Surf Bib Shorts - Sea Foam,Men's version. Cycling-inspired bib design for surfing. UPF 30 protection. Color: Sea Foam.
Men's Hybrid Water Shorts - Pacific Blue,Men's version. Quick-dry 4-way stretch from water to land seamlessly. Color: Pacific Blue.
Men's Hybrid Water Shorts - Coral Red,Men's version. Quick-dry 4-way stretch from water to land seamlessly. Color: Coral Red.
Men's Hybrid Water Shorts - Midnight Navy,Men's version. Quick-dry 4-way stretch from water to land seamlessly. Color: Midnight Navy.
Men's Hybrid Water Shorts - Lime Punch,Men's version. Quick-dry 4-way stretch from water to land seamlessly. Color: Lime Punch.
Men's Hybrid Water Shorts - Sea Foam,Men's version. Quick-dry 4-way stretch from water to land seamlessly. Color: Sea Foam.
Men's Thermal Wetsuit Shorty - Pacific Blue,Men's version. 2mm neoprene for cool-water surfing and kayaking. Color: Pacific Blue.
Men's Thermal Wetsuit Shorty - Coral Red,Men's version. 2mm neoprene for cool-water surfing and kayaking. Color: Coral Red.
Men's Thermal Wetsuit Shorty - Midnight Navy,Men's version. 2mm neoprene for cool-water surfing and kayaking. Color: Midnight Navy.
Men's Thermal Wetsuit Shorty - Lime Punch,Men's version. 2mm neoprene for cool-water surfing and kayaking. Color: Lime Punch.
Men's Thermal Wetsuit Shorty - Sea Foam,Men's version. 2mm neoprene for cool-water surfing and kayaking. Color: Sea Foam.
Women's Trail Running Shoe - Brown,Women's version. Aggressive multi-directional lugs with a rock plate underfoot. Color: Brown.
Women's Trail Running Shoe - Black,Women's version. Aggressive multi-directional lugs with a rock plate underfoot. Color: Black.
Women's Trail Running Shoe - Gray,Women's version. Aggressive multi-directional lugs with a rock plate underfoot. Color: Gray.
Women's Trail Running Shoe - Tan,Women's version. Aggressive multi-directional lugs with a rock plate underfoot. Color: Tan.
Women's Trail Running Shoe - Blue,Women's version. Aggressive multi-directional lugs with a rock plate underfoot. Color: Blue.
Women's Waterproof Hiking Boot - Brown,Women's version. GORE-TEX mid-cut boot with Vibram sole for all-day dry feet. Color: Brown.
Women's Waterproof Hiking Boot - Black,Women's version. GORE-TEX mid-cut boot with Vibram sole for all-day dry feet. Color: Black.
Women's Waterproof Hiking Boot - Gray,Women's version. GORE-TEX mid-cut boot with Vibram sole for all-day dry feet. Color: Gray.
Women's Waterproof Hiking Boot - Tan,Women's version. GORE-TEX mid-cut boot with Vibram sole for all-day dry feet. Color: Tan.
Women's Waterproof Hiking Boot - Blue,Women's version. GORE-TEX mid-cut boot with Vibram sole for all-day dry feet. Color: Blue.
Women's Low-Cut Approach Shoe - Brown,Women's version. Sticky-rubber outsole for technical scrambling and hiking. Color: Brown.
Women's Low-Cut Approach Shoe - Black,Women's version. Sticky-rubber outsole for technical scrambling and hiking. Color: Black.
Women's Low-Cut Approach Shoe - Gray,Women's version. Sticky-rubber outsole for technical scrambling and hiking. Color: Gray.
Women's Low-Cut Approach Shoe - Tan,Women's version. Sticky-rubber outsole for technical scrambling and hiking. Color: Tan.
Women's Low-Cut Approach Shoe - Blue,Women's version. Sticky-rubber outsole for technical scrambling and hiking. Color: Blue.
Women's Camp Sandal - Brown,Women's version. Lightweight camp sandal with EVA footbed and quick-dry webbing. Color: Brown.
Women's Camp Sandal - Black,Women's version. Lightweight camp sandal with EVA footbed and quick-dry webbing. Color: Black.
Women's Camp Sandal - Gray,Women's version. Lightweight camp sandal with EVA footbed and quick-dry webbing. Color: Gray.
Women's Camp Sandal - Tan,Women's version. Lightweight camp sandal with EVA footbed and quick-dry webbing. Color: Tan.
Women's Camp Sandal - Blue,Women's version. Lightweight camp sandal with EVA footbed and quick-dry webbing. Color: Blue.
Women's Winter Snow Boot - Brown,Women's version. Insulated boot rated to -30 C with waterproof shell and lugged sole. Color: Brown.
Women's Winter Snow Boot - Black,Women's version. Insulated boot rated to -30 C with waterproof shell and lugged sole. Color: Black.
Women's Winter Snow Boot - Gray,Women's version. Insulated boot rated to -30 C with waterproof shell and lugged sole. Color: Gray.
Women's Winter Snow Boot - Tan,Women's version. Insulated boot rated to -30 C with waterproof shell and lugged sole. Color: Tan.
Women's Winter Snow Boot - Blue,Women's version. Insulated boot rated to -30 C with waterproof shell and lugged sole. Color: Blue.
Women's Trekking Sandal - Brown,Women's version. Three-strap trekking sandal with arch support and grippy outsole. Color: Brown.
Women's Trekking Sandal - Black,Women's version. Three-strap trekking sandal with arch support and grippy outsole. Color: Black.
Women's Trekking Sandal - Gray,Women's version. Three-strap trekking sandal with arch support and grippy outsole. Color: Gray.
Women's Trekking Sandal - Tan,Women's version. Three-strap trekking sandal with arch support and grippy outsole. Color: Tan.
Women's Trekking Sandal - Blue,Women's version. Three-strap trekking sandal with arch support and grippy outsole. Color: Blue.
Women's Minimalist Trail Shoe - Brown,Women's version. Low-drop shoe for natural movement on smooth singletrack. Color: Brown.
Women's Minimalist Trail Shoe - Black,Women's version. Low-drop shoe for natural movement on smooth singletrack. Color: Black.
Women's Minimalist Trail Shoe - Gray,Women's version. Low-drop shoe for natural movement on smooth singletrack. Color: Gray.
Women's Minimalist Trail Shoe - Tan,Women's version. Low-drop shoe for natural movement on smooth singletrack. Color: Tan.
Women's Minimalist Trail Shoe - Blue,Women's version. Low-drop shoe for natural movement on smooth singletrack. Color: Blue.
Women's Mountaineering Boot - Brown,Women's version. Full-shank stiff boot compatible with strap crampons. Color: Brown.
Women's Mountaineering Boot - Black,Women's version. Full-shank stiff boot compatible with strap crampons. Color: Black.
Women's Mountaineering Boot - Gray,Women's version. Full-shank stiff boot compatible with strap crampons. Color: Gray.
Women's Mountaineering Boot - Tan,Women's version. Full-shank stiff boot compatible with strap crampons. Color: Tan.
Women's Mountaineering Boot - Blue,Women's version. Full-shank stiff boot compatible with strap crampons. Color: Blue.
Women's Packable Ballerina Flat - Brown,"Women's version. Travel flat that packs flat. Leather upper, memory-foam insole. Color: Brown."
Women's Packable Ballerina Flat - Black,"Women's version. Travel flat that packs flat. Leather upper, memory-foam insole. Color: Black."
Women's Packable Ballerina Flat - Gray,"Women's version. Travel flat that packs flat. Leather upper, memory-foam insole. Color: Gray."
Women's Packable Ballerina Flat - Tan,"Women's version. Travel flat that packs flat. Leather upper, memory-foam insole. Color: Tan."
Women's Packable Ballerina Flat - Blue,"Women's version. Travel flat that packs flat. Leather upper, memory-foam insole. Color: Blue."
Women's Slip-On Hiking Shoe - Brown,Women's version. Elastic gore panels provide a sock-like fit without laces. Color: Brown.
Women's Slip-On Hiking Shoe - Black,Women's version. Elastic gore panels provide a sock-like fit without laces. Color: Black.
Women's Slip-On Hiking Shoe - Gray,Women's version. Elastic gore panels provide a sock-like fit without laces. Color: Gray.
Women's Slip-On Hiking Shoe - Tan,Women's version. Elastic gore panels provide a sock-like fit without laces. Color: Tan.
Women's Slip-On Hiking Shoe - Blue,Women's version. Elastic gore panels provide a sock-like fit without laces. Color: Blue.
Men's Trail Running Shoe - Brown,Men's version. Aggressive multi-directional lugs with a rock plate underfoot. Color: Brown.
Men's Trail Running Shoe - Black,Men's version. Aggressive multi-directional lugs with a rock plate underfoot. Color: Black.
Men's Trail Running Shoe - Gray,Men's version. Aggressive multi-directional lugs with a rock plate underfoot. Color: Gray.
Men's Trail Running Shoe - Tan,Men's version. Aggressive multi-directional lugs with a rock plate underfoot. Color: Tan.
Men's Trail Running Shoe - Blue,Men's version. Aggressive multi-directional lugs with a rock plate underfoot. Color: Blue.
Men's Waterproof Hiking Boot - Brown,Men's version. GORE-TEX mid-cut boot with Vibram sole for all-day dry feet. Color: Brown.
Men's Waterproof Hiking Boot - Black,Men's version. GORE-TEX mid-cut boot with Vibram sole for all-day dry feet. Color: Black.
Men's Waterproof Hiking Boot - Gray,Men's version. GORE-TEX mid-cut boot with Vibram sole for all-day dry feet. Color: Gray.
Men's Waterproof Hiking Boot - Tan,Men's version. GORE-TEX mid-cut boot with Vibram sole for all-day dry feet. Color: Tan.
Men's Waterproof Hiking Boot - Blue,Men's version. GORE-TEX mid-cut boot with Vibram sole for all-day dry feet. Color: Blue.
Men's Low-Cut Approach Shoe - Brown,Men's version. Sticky-rubber outsole for technical scrambling and hiking. Color: Brown.
Men's Low-Cut Approach Shoe - Black,Men's version. Sticky-rubber outsole for technical scrambling and hiking. Color: Black.
Men's Low-Cut Approach Shoe - Gray,Men's version. Sticky-rubber outsole for technical scrambling and hiking. Color: Gray.
Men's Low-Cut Approach Shoe - Tan,Men's version. Sticky-rubber outsole for technical scrambling and hiking. Color: Tan.
Men's Low-Cut Approach Shoe - Blue,Men's version. Sticky-rubber outsole for technical scrambling and hiking. Color: Blue.
Men's Camp Sandal - Brown,Men's version. Lightweight camp sandal with EVA footbed and quick-dry webbing. Color: Brown.
Men's Camp Sandal - Black,Men's version. Lightweight camp sandal with EVA footbed and quick-dry webbing. Color: Black.
Men's Camp Sandal - Gray,Men's version. Lightweight camp sandal with EVA footbed and quick-dry webbing. Color: Gray.
Men's Camp Sandal - Tan,Men's version. Lightweight camp sandal with EVA footbed and quick-dry webbing. Color: Tan.
Men's Camp Sandal - Blue,Men's version. Lightweight camp sandal with EVA footbed and quick-dry webbing. Color: Blue.
Men's Winter Snow Boot - Brown,Men's version. Insulated boot rated to -30 C with waterproof shell and lugged sole. Color: Brown.
Men's Winter Snow Boot - Black,Men's version. Insulated boot rated to -30 C with waterproof shell and lugged sole. Color: Black.
Men's Winter Snow Boot - Gray,Men's version. Insulated boot rated to -30 C with waterproof shell and lugged sole. Color: Gray.
Men's Winter Snow Boot - Tan,Men's version. Insulated boot rated to -30 C with waterproof shell and lugged sole. Color: Tan.
Men's Winter Snow Boot - Blue,Men's version. Insulated boot rated to -30 C with waterproof shell and lugged sole. Color: Blue.
Men's Trekking Sandal - Brown,Men's version. Three-strap trekking sandal with arch support and grippy outsole. Color: Brown.
Men's Trekking Sandal - Black,Men's version. Three-strap trekking sandal with arch support and grippy outsole. Color: Black.
Men's Trekking Sandal - Gray,Men's version. Three-strap trekking sandal with arch support and grippy outsole. Color: Gray.
Men's Trekking Sandal - Tan,Men's version. Three-strap trekking sandal with arch support and grippy outsole. Color: Tan.
Men's Trekking Sandal - Blue,Men's version. Three-strap trekking sandal with arch support and grippy outsole. Color: Blue.
Men's Minimalist Trail Shoe - Brown,Men's version. Low-drop shoe for natural movement on smooth singletrack. Color: Brown.
Men's Minimalist Trail Shoe - Black,Men's version. Low-drop shoe for natural movement on smooth singletrack. Color: Black.
Men's Minimalist Trail Shoe - Gray,Men's version. Low-drop shoe for natural movement on smooth singletrack. Color: Gray.
Men's Minimalist Trail Shoe - Tan,Men's version. Low-drop shoe for natural movement on smooth singletrack. Color: Tan.
Men's Minimalist Trail Shoe - Blue,Men's version. Low-drop shoe for natural movement on smooth singletrack. Color: Blue.
Men's Mountaineering Boot - Brown,Men's version. Full-shank stiff boot compatible with strap crampons. Color: Brown.
Men's Mountaineering Boot - Black,Men's version. Full-shank stiff boot compatible with strap crampons. Color: Black.
Men's Mountaineering Boot - Gray,Men's version. Full-shank stiff boot compatible with strap crampons. Color: Gray.
Men's Mountaineering Boot - Tan,Men's version. Full-shank stiff boot compatible with strap crampons. Color: Tan.
Men's Mountaineering Boot - Blue,Men's version. Full-shank stiff boot compatible with strap crampons. Color: Blue.
Men's Packable Ballerina Flat - Brown,"Men's version. Travel flat that packs flat. Leather upper, memory-foam insole. Color: Brown."
Men's Packable Ballerina Flat - Black,"Men's version. Travel flat that packs flat. Leather upper, memory-foam insole. Color: Black."
Men's Packable Ballerina Flat - Gray,"Men's version. Travel flat that packs flat. Leather upper, memory-foam insole. Color: Gray."
Men's Packable Ballerina Flat - Tan,"Men's version. Travel flat that packs flat. Leather upper, memory-foam insole. Color: Tan."
Men's Packable Ballerina Flat - Blue,"Men's version. Travel flat that packs flat. Leather upper, memory-foam insole. Color: Blue."
Men's Slip-On Hiking Shoe - Brown,Men's version. Elastic gore panels provide a sock-like fit without laces. Color: Brown.
Men's Slip-On Hiking Shoe - Black,Men's version. Elastic gore panels provide a sock-like fit without laces. Color: Black.
Men's Slip-On Hiking Shoe - Gray,Men's version. Elastic gore panels provide a sock-like fit without laces. Color: Gray.
Men's Slip-On Hiking Shoe - Tan,Men's version. Elastic gore panels provide a sock-like fit without laces. Color: Tan.
Men's Slip-On Hiking Shoe - Blue,Men's version. Elastic gore panels provide a sock-like fit without laces. Color: Blue.
Women's Down Puffer Jacket - Black,Women's version. 600-fill duck down in water-resistant shell. Stuffs into inside pocket. Color: Black.
Women's Down Puffer Jacket - Navy,Women's version. 600-fill duck down in water-resistant shell. Stuffs into inside pocket. Color: Navy.
Women's Down Puffer Jacket - Red,Women's version. 600-fill duck down in water-resistant shell. Stuffs into inside pocket. Color: Red.
Women's Down Puffer Jacket - Olive,Women's version. 600-fill duck down in water-resistant shell. Stuffs into inside pocket. Color: Olive.
Women's Down Puffer Jacket - Cobalt,Women's version. 600-fill duck down in water-resistant shell. Stuffs into inside pocket. Color: Cobalt.
Women's Synthetic Insulated Jacket - Black,Women's version. PrimaLoft Silver insulation warm even when wet. Quilted baffles. Color: Black.
Women's Synthetic Insulated Jacket - Navy,Women's version. PrimaLoft Silver insulation warm even when wet. Quilted baffles. Color: Navy.
Women's Synthetic Insulated Jacket - Red,Women's version. PrimaLoft Silver insulation warm even when wet. Quilted baffles. Color: Red.
Women's Synthetic Insulated Jacket - Olive,Women's version. PrimaLoft Silver insulation warm even when wet. Quilted baffles. Color: Olive.
Women's Synthetic Insulated Jacket - Cobalt,Women's version. PrimaLoft Silver insulation warm even when wet. Quilted baffles. Color: Cobalt.
Women's 3-in-1 System Jacket - Black,Women's version. Outer hardshell zips with a removable fleece liner for three layers. Color: Black.
Women's 3-in-1 System Jacket - Navy,Women's version. Outer hardshell zips with a removable fleece liner for three layers. Color: Navy.
Women's 3-in-1 System Jacket - Red,Women's version. Outer hardshell zips with a removable fleece liner for three layers. Color: Red.
Women's 3-in-1 System Jacket - Olive,Women's version. Outer hardshell zips with a removable fleece liner for three layers. Color: Olive.
Women's 3-in-1 System Jacket - Cobalt,Women's version. Outer hardshell zips with a removable fleece liner for three layers. Color: Cobalt.
Women's Windbreaker Jacket - Black,Women's version. Packable wind-resistant jacket with half-elastic hem and hidden hood. Color: Black.
Women's Windbreaker Jacket - Navy,Women's version. Packable wind-resistant jacket with half-elastic hem and hidden hood. Color: Navy.
Women's Windbreaker Jacket - Red,Women's version. Packable wind-resistant jacket with half-elastic hem and hidden hood. Color: Red.
Women's Windbreaker Jacket - Olive,Women's version. Packable wind-resistant jacket with half-elastic hem and hidden hood. Color: Olive.
Women's Windbreaker Jacket - Cobalt,Women's version. Packable wind-resistant jacket with half-elastic hem and hidden hood. Color: Cobalt.
Women's Down Vest - Black,Women's version. 700-fill down vest for core warmth without arm restriction. Color: Black.
Women's Down Vest - Navy,Women's version. 700-fill down vest for core warmth without arm restriction. Color: Navy.
Women's Down Vest - Red,Women's version. 700-fill down vest for core warmth without arm restriction. Color: Red.
Women's Down Vest - Olive,Women's version. 700-fill down vest for core warmth without arm restriction. Color: Olive.
Women's Down Vest - Cobalt,Women's version. 700-fill down vest for core warmth without arm restriction. Color: Cobalt.
Women's Heated Jacket - Black,Women's version. Three heat zones controlled by one button. Runs 6h on USB-C power bank. Color: Black.
Women's Heated Jacket - Navy,Women's version. Three heat zones controlled by one button. Runs 6h on USB-C power bank. Color: Navy.
Women's Heated Jacket - Red,Women's version. Three heat zones controlled by one button. Runs 6h on USB-C power bank. Color: Red.
Women's Heated Jacket - Olive,Women's version. Three heat zones controlled by one button. Runs 6h on USB-C power bank. Color: Olive.
Women's Heated Jacket - Cobalt,Women's version. Three heat zones controlled by one button. Runs 6h on USB-C power bank. Color: Cobalt.
Women's Waxed Canvas Chore Jacket - Black,Women's version. Weather-resistant waxed cotton canvas with corduroy collar. Color: Black.
Women's Waxed Canvas Chore Jacket - Navy,Women's version. Weather-resistant waxed cotton canvas with corduroy collar. Color: Navy.
Women's Waxed Canvas Chore Jacket - Red,Women's version. Weather-resistant waxed cotton canvas with corduroy collar. Color: Red.
Women's Waxed Canvas Chore Jacket - Olive,Women's version. Weather-resistant waxed cotton canvas with corduroy collar. Color: Olive.
Women's Waxed Canvas Chore Jacket - Cobalt,Women's version. Weather-resistant waxed cotton canvas with corduroy collar. Color: Cobalt.
Women's Alpine Start Hoody - Black,Women's version. Stretch woven shell for high-output alpine activities. Color: Black.
Women's Alpine Start Hoody - Navy,Women's version. Stretch woven shell for high-output alpine activities. Color: Navy.
Women's Alpine Start Hoody - Red,Women's version. Stretch woven shell for high-output alpine activities. Color: Red.
Women's Alpine Start Hoody - Olive,Women's version. Stretch woven shell for high-output alpine activities. Color: Olive.
Women's Alpine Start Hoody - Cobalt,Women's version. Stretch woven shell for high-output alpine activities. Color: Cobalt.
Women's Primaloft Hooded Jacket - Black,Women's version. Active-cut hooded jacket with PrimaLoft Gold insulation. Color: Black.
Women's Primaloft Hooded Jacket - Navy,Women's version. Active-cut hooded jacket with PrimaLoft Gold insulation. Color: Navy.
Women's Primaloft Hooded Jacket - Red,Women's version. Active-cut hooded jacket with PrimaLoft Gold insulation. Color: Red.
Women's Primaloft Hooded Jacket - Olive,Women's version. Active-cut hooded jacket with PrimaLoft Gold insulation. Color: Olive.
Women's Primaloft Hooded Jacket - Cobalt,Women's version. Active-cut hooded jacket with PrimaLoft Gold insulation. Color: Cobalt.
Women's Reversible Down Jacket - Black,Women's version. Lightweight reversible down jacket in two colourways. 650-fill. Color: Black.
Women's Reversible Down Jacket - Navy,Women's version. Lightweight reversible down jacket in two colourways. 650-fill. Color: Navy.
Women's Reversible Down Jacket - Red,Women's version. Lightweight reversible down jacket in two colourways. 650-fill. Color: Red.
Women's Reversible Down Jacket - Olive,Women's version. Lightweight reversible down jacket in two colourways. 650-fill. Color: Olive.
Women's Reversible Down Jacket - Cobalt,Women's version. Lightweight reversible down jacket in two colourways. 650-fill. Color: Cobalt.
Men's Down Puffer Jacket - Black,Men's version. 600-fill duck down in water-resistant shell. Stuffs into inside pocket. Color: Black.
Men's Down Puffer Jacket - Navy,Men's version. 600-fill duck down in water-resistant shell. Stuffs into inside pocket. Color: Navy.
Men's Down Puffer Jacket - Red,Men's version. 600-fill duck down in water-resistant shell. Stuffs into inside pocket. Color: Red.
Men's Down Puffer Jacket - Olive,Men's version. 600-fill duck down in water-resistant shell. Stuffs into inside pocket. Color: Olive.
Men's Down Puffer Jacket - Cobalt,Men's version. 600-fill duck down in water-resistant shell. Stuffs into inside pocket. Color: Cobalt.
Men's Synthetic Insulated Jacket - Black,Men's version. PrimaLoft Silver insulation warm even when wet. Quilted baffles. Color: Black.
Men's Synthetic Insulated Jacket - Navy,Men's version. PrimaLoft Silver insulation warm even when wet. Quilted baffles. Color: Navy.
Men's Synthetic Insulated Jacket - Red,Men's version. PrimaLoft Silver insulation warm even when wet. Quilted baffles. Color: Red.
Men's Synthetic Insulated Jacket - Olive,Men's version. PrimaLoft Silver insulation warm even when wet. Quilted baffles. Color: Olive.
Men's Synthetic Insulated Jacket - Cobalt,Men's version. PrimaLoft Silver insulation warm even when wet. Quilted baffles. Color: Cobalt.
Men's 3-in-1 System Jacket - Black,Men's version. Outer hardshell zips with a removable fleece liner for three layers. Color: Black.
Men's 3-in-1 System Jacket - Navy,Men's version. Outer hardshell zips with a removable fleece liner for three layers. Color: Navy.
Men's 3-in-1 System Jacket - Red,Men's version. Outer hardshell zips with a removable fleece liner for three layers. Color: Red.
Men's 3-in-1 System Jacket - Olive,Men's version. Outer hardshell zips with a removable fleece liner for three layers. Color: Olive.
Men's 3-in-1 System Jacket - Cobalt,Men's version. Outer hardshell zips with a removable fleece liner for three layers. Color: Cobalt.
Men's Windbreaker Jacket - Black,Men's version. Packable wind-resistant jacket with half-elastic hem and hidden hood. Color: Black.
Men's Windbreaker Jacket - Navy,Men's version. Packable wind-resistant jacket with half-elastic hem and hidden hood. Color: Navy.
Men's Windbreaker Jacket - Red,Men's version. Packable wind-resistant jacket with half-elastic hem and hidden hood. Color: Red.
Men's Windbreaker Jacket - Olive,Men's version. Packable wind-resistant jacket with half-elastic hem and hidden hood. Color: Olive.
Men's Windbreaker Jacket - Cobalt,Men's version. Packable wind-resistant jacket with half-elastic hem and hidden hood. Color: Cobalt.
Men's Down Vest - Black,Men's version. 700-fill down vest for core warmth without arm restriction. Color: Black.
Men's Down Vest - Navy,Men's version. 700-fill down vest for core warmth without arm restriction. Color: Navy.
Men's Down Vest - Red,Men's version. 700-fill down vest for core warmth without arm restriction. Color: Red.
Men's Down Vest - Olive,Men's version. 700-fill down vest for core warmth without arm restriction. Color: Olive.
Men's Down Vest - Cobalt,Men's version. 700-fill down vest for core warmth without arm restriction. Color: Cobalt.
Men's Heated Jacket - Black,Men's version. Three heat zones controlled by one button. Runs 6h on USB-C power bank. Color: Black.
Men's Heated Jacket - Navy,Men's version. Three heat zones controlled by one button. Runs 6h on USB-C power bank. Color: Navy.
Men's Heated Jacket - Red,Men's version. Three heat zones controlled by one button. Runs 6h on USB-C power bank. Color: Red.
Men's Heated Jacket - Olive,Men's version. Three heat zones controlled by one button. Runs 6h on USB-C power bank. Color: Olive.
Men's Heated Jacket - Cobalt,Men's version. Three heat zones controlled by one button. Runs 6h on USB-C power bank. Color: Cobalt.
Men's Waxed Canvas Chore Jacket - Black,Men's version. Weather-resistant waxed cotton canvas with corduroy collar. Color: Black.
Men's Waxed Canvas Chore Jacket - Navy,Men's version. Weather-resistant waxed cotton canvas with corduroy collar. Color: Navy.
Men's Waxed Canvas Chore Jacket - Red,Men's version. Weather-resistant waxed cotton canvas with corduroy collar. Color: Red.
Men's Waxed Canvas Chore Jacket - Olive,Men's version. Weather-resistant waxed cotton canvas with corduroy collar. Color: Olive.
Men's Waxed Canvas Chore Jacket - Cobalt,Men's version. Weather-resistant waxed cotton canvas with corduroy collar. Color: Cobalt.
Men's Alpine Start Hoody - Black,Men's version. Stretch woven shell for high-output alpine activities. Color: Black.
Men's Alpine Start Hoody - Navy,Men's version. Stretch woven shell for high-output alpine activities. Color: Navy.
Men's Alpine Start Hoody - Red,Men's version. Stretch woven shell for high-output alpine activities. Color: Red.
Men's Alpine Start Hoody - Olive,Men's version. Stretch woven shell for high-output alpine activities. Color: Olive.
Men's Alpine Start Hoody - Cobalt,Men's version. Stretch woven shell for high-output alpine activities. Color: Cobalt.
Men's Primaloft Hooded Jacket - Black,Men's version. Active-cut hooded jacket with PrimaLoft Gold insulation. Color: Black.
Men's Primaloft Hooded Jacket - Navy,Men's version. Active-cut hooded jacket with PrimaLoft Gold insulation. Color: Navy.
Men's Primaloft Hooded Jacket - Red,Men's version. Active-cut hooded jacket with PrimaLoft Gold insulation. Color: Red.
Men's Primaloft Hooded Jacket - Olive,Men's version. Active-cut hooded jacket with PrimaLoft Gold insulation. Color: Olive.
Men's Primaloft Hooded Jacket - Cobalt,Men's version. Active-cut hooded jacket with PrimaLoft Gold insulation. Color: Cobalt.
Men's Reversible Down Jacket - Black,Men's version. Lightweight reversible down jacket in two colourways. 650-fill. Color: Black.
Men's Reversible Down Jacket - Navy,Men's version. Lightweight reversible down jacket in two colourways. 650-fill. Color: Navy.
Men's Reversible Down Jacket - Red,Men's version. Lightweight reversible down jacket in two colourways. 650-fill. Color: Red.
Men's Reversible Down Jacket - Olive,Men's version. Lightweight reversible down jacket in two colourways. 650-fill. Color: Olive.
Men's Reversible Down Jacket - Cobalt,Men's version. Lightweight reversible down jacket in two colourways. 650-fill. Color: Cobalt.
Wide-Brim Sun Hat - Black,UPF 50 hat with a 3-inch brim for full face and neck shade. Crushable and packable. Color: Black.
Wide-Brim Sun Hat - Olive,UPF 50 hat with a 3-inch brim for full face and neck shade. Crushable and packable. Color: Olive.
Wide-Brim Sun Hat - Navy,UPF 50 hat with a 3-inch brim for full face and neck shade. Crushable and packable. Color: Navy.
Wide-Brim Sun Hat - Gray,UPF 50 hat with a 3-inch brim for full face and neck shade. Crushable and packable. Color: Gray.
Wide-Brim Sun Hat - Red,UPF 50 hat with a 3-inch brim for full face and neck shade. Crushable and packable. Color: Red.
Merino Wool Buff - Black,Versatile neck gaiter in 180g merino. Machine washable. Color: Black.
Merino Wool Buff - Olive,Versatile neck gaiter in 180g merino. Machine washable. Color: Olive.
Merino Wool Buff - Navy,Versatile neck gaiter in 180g merino. Machine washable. Color: Navy.
Merino Wool Buff - Gray,Versatile neck gaiter in 180g merino. Machine washable. Color: Gray.
Merino Wool Buff - Red,Versatile neck gaiter in 180g merino. Machine washable. Color: Red.
Lightweight Hiking Gloves - Black,Touch-screen compatible fingertips and Velcro wrist strap. Color: Black.
Lightweight Hiking Gloves - Olive,Touch-screen compatible fingertips and Velcro wrist strap. Color: Olive.
Lightweight Hiking Gloves - Navy,Touch-screen compatible fingertips and Velcro wrist strap. Color: Navy.
Lightweight Hiking Gloves - Gray,Touch-screen compatible fingertips and Velcro wrist strap. Color: Gray.
Lightweight Hiking Gloves - Red,Touch-screen compatible fingertips and Velcro wrist strap. Color: Red.
Waterproof Gaiters - Black,High gaiters keep snow and debris out of boots on backcountry routes. Color: Black.
Waterproof Gaiters - Olive,High gaiters keep snow and debris out of boots on backcountry routes. Color: Olive.
Waterproof Gaiters - Navy,High gaiters keep snow and debris out of boots on backcountry routes. Color: Navy.
Waterproof Gaiters - Gray,High gaiters keep snow and debris out of boots on backcountry routes. Color: Gray.
Waterproof Gaiters - Red,High gaiters keep snow and debris out of boots on backcountry routes. Color: Red.
Trekking Pole Set - Black,Folding carbon-fibre poles weigh 240g/pair and pack to 43 cm. Color: Black.
Trekking Pole Set - Olive,Folding carbon-fibre poles weigh 240g/pair and pack to 43 cm. Color: Olive.
Trekking Pole Set - Navy,Folding carbon-fibre poles weigh 240g/pair and pack to 43 cm. Color: Navy.
Trekking Pole Set - Gray,Folding carbon-fibre poles weigh 240g/pair and pack to 43 cm. Color: Gray.
Trekking Pole Set - Red,Folding carbon-fibre poles weigh 240g/pair and pack to 43 cm. Color: Red.
Hydration Pack 2L - Black,Slim pack with 2L reservoir and multiple external pockets. Color: Black.
Hydration Pack 2L - Olive,Slim pack with 2L reservoir and multiple external pockets. Color: Olive.
Hydration Pack 2L - Navy,Slim pack with 2L reservoir and multiple external pockets. Color: Navy.
Hydration Pack 2L - Gray,Slim pack with 2L reservoir and multiple external pockets. Color: Gray.
Hydration Pack 2L - Red,Slim pack with 2L reservoir and multiple external pockets. Color: Red.
Trail Running Belt - Black,Lightweight stretch belt with two 250ml soft flasks. Color: Black.
Trail Running Belt - Olive,Lightweight stretch belt with two 250ml soft flasks. Color: Olive.
Trail Running Belt - Navy,Lightweight stretch belt with two 250ml soft flasks. Color: Navy.
Trail Running Belt - Gray,Lightweight stretch belt with two 250ml soft flasks. Color: Gray.
Trail Running Belt - Red,Lightweight stretch belt with two 250ml soft flasks. Color: Red.
Wool Beanie - Black,Single-layer merino knit beanie for shoulder-season use. Color: Black.
Wool Beanie - Olive,Single-layer merino knit beanie for shoulder-season use. Color: Olive.
Wool Beanie - Navy,Single-layer merino knit beanie for shoulder-season use. Color: Navy.
Wool Beanie - Gray,Single-layer merino knit beanie for shoulder-season use. Color: Gray.
Wool Beanie - Red,Single-layer merino knit beanie for shoulder-season use. Color: Red.
Packable Day Backpack - Black,20L daypack folds into its own lid pocket. Color: Black.
Packable Day Backpack - Olive,20L daypack folds into its own lid pocket. Color: Olive.
Packable Day Backpack - Navy,20L daypack folds into its own lid pocket. Color: Navy.
Packable Day Backpack - Gray,20L daypack folds into its own lid pocket. Color: Gray.
Packable Day Backpack - Red,20L daypack folds into its own lid pocket. Color: Red.
Sunglasses Polarised - Black,TR-90 frames with polarised polycarbonate lenses. UV400 protection. Color: Black.
Sunglasses Polarised - Olive,TR-90 frames with polarised polycarbonate lenses. UV400 protection. Color: Olive.
Sunglasses Polarised - Navy,TR-90 frames with polarised polycarbonate lenses. UV400 protection. Color: Navy.
Sunglasses Polarised - Gray,TR-90 frames with polarised polycarbonate lenses. UV400 protection. Color: Gray.
Sunglasses Polarised - Red,TR-90 frames with polarised polycarbonate lenses. UV400 protection. Color: Red.
Technical Climbing Helmet - Black,Hybrid in-mould helmet weighing 240g with 14 vents. Color: Black.
Technical Climbing Helmet - Olive,Hybrid in-mould helmet weighing 240g with 14 vents. Color: Olive.
Technical Climbing Helmet - Navy,Hybrid in-mould helmet weighing 240g with 14 vents. Color: Navy.
Technical Climbing Helmet - Gray,Hybrid in-mould helmet weighing 240g with 14 vents. Color: Gray.
Technical Climbing Helmet - Red,Hybrid in-mould helmet weighing 240g with 14 vents. Color: Red.
Sleeping Bag Liner - Black,Thermolite liner adds 5 C warmth and protects your bag. Color: Black.
Sleeping Bag Liner - Olive,Thermolite liner adds 5 C warmth and protects your bag. Color: Olive.
Sleeping Bag Liner - Navy,Thermolite liner adds 5 C warmth and protects your bag. Color: Navy.
Sleeping Bag Liner - Gray,Thermolite liner adds 5 C warmth and protects your bag. Color: Gray.
Sleeping Bag Liner - Red,Thermolite liner adds 5 C warmth and protects your bag. Color: Red.
Hanging Organiser - Black,Roll-top hanging organiser with six zip pockets. Color: Black.
Hanging Organiser - Olive,Roll-top hanging organiser with six zip pockets. Color: Olive.
Hanging Organiser - Navy,Roll-top hanging organiser with six zip pockets. Color: Navy.
Hanging Organiser - Gray,Roll-top hanging organiser with six zip pockets. Color: Gray.
Hanging Organiser - Red,Roll-top hanging organiser with six zip pockets. Color: Red.
Map and Compass Pouch - Black,Waterproof see-through pouch for pack shoulder strap. Color: Black.
Map and Compass Pouch - Olive,Waterproof see-through pouch for pack shoulder strap. Color: Olive.
Map and Compass Pouch - Navy,Waterproof see-through pouch for pack shoulder strap. Color: Navy.
Map and Compass Pouch - Gray,Waterproof see-through pouch for pack shoulder strap. Color: Gray.
Map and Compass Pouch - Red,Waterproof see-through pouch for pack shoulder strap. Color: Red.
Emergency Bivouac Sack - Black,Aluminised emergency bivy reflecting 90% of body heat. 85g. Color: Black.
Emergency Bivouac Sack - Olive,Aluminised emergency bivy reflecting 90% of body heat. 85g. Color: Olive.
Emergency Bivouac Sack - Navy,Aluminised emergency bivy reflecting 90% of body heat. 85g. Color: Navy.
Emergency Bivouac Sack - Gray,Aluminised emergency bivy reflecting 90% of body heat. 85g. Color: Gray.
Emergency Bivouac Sack - Red,Aluminised emergency bivy reflecting 90% of body heat. 85g. Color: Red.
Packable Rain Pants - Black,Featherlight waterproof pants at 150g. Self-packing pocket. Color: Black.
Packable Rain Pants - Olive,Featherlight waterproof pants at 150g. Self-packing pocket. Color: Olive.
Packable Rain Pants - Navy,Featherlight waterproof pants at 150g. Self-packing pocket. Color: Navy.
Packable Rain Pants - Gray,Featherlight waterproof pants at 150g. Self-packing pocket. Color: Gray.
Packable Rain Pants - Red,Featherlight waterproof pants at 150g. Self-packing pocket. Color: Red.
Wool Crew Socks - Black,Merino/nylon hiking socks with cushioned footbed. Color: Black.
Wool Crew Socks - Olive,Merino/nylon hiking socks with cushioned footbed. Color: Olive.
Wool Crew Socks - Navy,Merino/nylon hiking socks with cushioned footbed. Color: Navy.
Wool Crew Socks - Gray,Merino/nylon hiking socks with cushioned footbed. Color: Gray.
Wool Crew Socks - Red,Merino/nylon hiking socks with cushioned footbed. Color: Red.
Lightweight Liner Socks - Black,Ultra-thin merino liner socks to prevent blisters. Color: Black.
Lightweight Liner Socks - Olive,Ultra-thin merino liner socks to prevent blisters. Color: Olive.
Lightweight Liner Socks - Navy,Ultra-thin merino liner socks to prevent blisters. Color: Navy.
Lightweight Liner Socks - Gray,Ultra-thin merino liner socks to prevent blisters. Color: Gray.
Lightweight Liner Socks - Red,Ultra-thin merino liner socks to prevent blisters. Color: Red.
Compression Calf Sleeves - Black,Graduated compression for recovery on multi-day hikes. Color: Black.
Compression Calf Sleeves - Olive,Graduated compression for recovery on multi-day hikes. Color: Olive.
Compression Calf Sleeves - Navy,Graduated compression for recovery on multi-day hikes. Color: Navy.
Compression Calf Sleeves - Gray,Graduated compression for recovery on multi-day hikes. Color: Gray.
Compression Calf Sleeves - Red,Graduated compression for recovery on multi-day hikes. Color: Red.
Midweight Hiking Socks - Black,Terry loop cushioning with moisture-wicking nylon/merino blend. Color: Black.
Midweight Hiking Socks - Olive,Terry loop cushioning with moisture-wicking nylon/merino blend. Color: Olive.
Midweight Hiking Socks - Navy,Terry loop cushioning with moisture-wicking nylon/merino blend. Color: Navy.
Midweight Hiking Socks - Gray,Terry loop cushioning with moisture-wicking nylon/merino blend. Color: Gray.
Midweight Hiking Socks - Red,Terry loop cushioning with moisture-wicking nylon/merino blend. Color: Red.
